text,label
לפני יומיים ערבי דרס יהודי כי חש סכנת חיים לדבריו פה למה לא חש סכנת חיים וירה???,0
לוחם קרמבו לא קומנדו והכל בזכות מערכת המשפט,0
מה יהיה איפה ההרתעה החיילים הפכו לליצנים העיקר להגיד קרבי אין בטחון לא לחיילים ולא לשוטרים נא להתעורר,1
עכשיו הגנבות שלהם הגיעו לקומדו?? איפה הבטחון שלנו?,0
"כל הכבוד לממשלת ה״ימין״ החלשה הזאת שלא נותנת גיבוי לחיילים, נותנת לבג״צ יד חופשית.. רק בן גביר!!!!💪🏼💪🏼💪🏼",0
מדינה בדיחה...,0
"איך יכול להיות דבר כזה????? לפי הכתבה, החייל הבין שבאים לתקוף אותו ומשום מה לא פתח בירי. מצד אחד יש לו מזל שלא רצחו אותו ומצד שני יש לו מזל שלא פתח באש כי אז היה צריך להתמודד עם שופטי ישראל ואז מצבו היה חי אבל מת נפשית.מערכת משפט רקובה יש לנו . חייבים שינוי ודחוף",0
פחד לירות חחח איזה דפוקים נהיינו פה כנראה העורך דין שלו לא ענה איפה השר שסרח יעלון,0
אני מקווה שזה פייק ניוז אחרת אבדנו,0
אם אלו ערביי ישראל זה חמור ביותר,1
"רפול היה מאדים מזעם, נכנס לאוטו, נוסע לקריה, ישר למטכל ומעיף ממנו את כל שדרת הפיקוד.כן, כולל כוכבי.לא יכול להיות ולא משנה מהי המערכת מסביב שחייל,כל שכן קומנדו מגיב ככה.ומי שיוצא לניווט בדד הם המאומנים שבחיילים. וזה אף פעם לא החייל. תמיד המפקד.הש. ג. לא אשם. אף פעם. אתם רוצים דגל אדום לגבי צה""ל? קבלתם.כדאי מאוד שניבהל. כולנו.",0
בית זונות אחד גדול כל המדינה הזאת ...,0
היה מיתקשר לאלאור עזריה,0
למה אומרים חייל קומנדו עכשיו ידעו שגם חילי הקומנדו שלנו בלרינות,0
פתח באש עדיף שתשב בכלא מאשר שאמא שלך תשב עלייך שבעה,0
"צה""ל של היום זה כמו הג""א לפני 40 שנה ...בושה למדינה שנותנת גיבוי לערבים ובגץ מחזק אותם ...ממשלה של אנשים תת רמה .וללא כבוד וערכים למדינה..במיוחד לזה שמנהל אותה..בושה בושה לכל ה 120 אוכלי חינם בעעעעעעע על הממשלה",1
"הרמטכל . למצות את הדין עם פורעי החוק . הפכתם אותנו לבדיחה כל המנכלים רמטכלים מפכלים שרים חכים משכורות עתק סתם . חייבים חייבים להחליף את כולם ושלא הישאר זכר לכל הנ""ל מי שנרדם בשמירה נישאר שבת",0
אתם קוראים לחייל חייל קומנדו !!!!!!!!,0
"לא הבנתי,לוחם קומנדו לא אמור לגבור על שני אנשים לא מאומנים?",0
למה היה בניווט כיחיד ולא בזוג בימים טרופים כאלו?!!!עד מתי יימשך הטימטום????,0
לא לוחם קומנדו.לוחם בחטיבת הקומנדו.יחי ההבדל,0
פעם הבאה אישור לירות כדור ישירות למוח,0
לוחם קומנדו הוא לא,0
איך אפשר שחייל לא יכול להגן על עצמו??,0
לשחרר אותו מצהל אחרי שילך לכלא. לאחר מכן ליבדוק מי קיבל אותו ליחידה גם אותו צריך להדיח על אבחנה לקויה.נימאס כבר מחיליי השוקולד.,0
בושה בנוויט לילה לבד הנשק צריך להיות דרוך,0
"תחשבו רגע. מישהו היה מנסה לשדוד חייל קומנדו רוסי, אמריקני, אנגלי... ועדיין חי??? תחשבו רגע. מישהו היה שודד את נשקו של חייל קומנדו רוסי, אמריקני, אנגלי... היה נישר חייל ??? נפלנו על הראש. רמטכ""ל תוצרת הקרן. הפיקוד העליון של צה''ל סניף של מרץ ורשימה משוטפת.",0
"מעניין מה היו אומרים אריק שרון ורפאל איתן ז""ל על אירוע כזה. נראה כאילו בשנים האחרונות משקיעים יותר מדי בטכנולוגיה ומשפטיזציה ופחות ב""רוח הלוחם"". אף אחד לא מכיר פה את הפרטים המלאים אבל התוצאה הסופית פשוט לא מתקבלת על הדעת (ואני מציע לכל הכותבים פה לא ללעוג ללוחמים יקרים. כולם גיבורים על המקלדת)",0
מקווה בשביל הלוחם שהם לא נפצעו או משהו בזמן שלקחו לו את הנשק.,0
אין הרתעה בכלל !!!הפשע חוגג 😡 אסור לנו לשפוט את החייל היקר זה הבן שלנו ששלחנו אותו לצבא והמפקדים שלו מפקירים אותו,0
זה ממש לא בסדר,0
והם עדיין חיים??,0
חטפו לחייל קומנדו ?אויי לנו שזה קרה למה לא ירה בהם למוות,0
אז מה גם אים הם יתפסו מה בגץ יגיד שהם רק רצו לשחק עים הנשק של הלוחם 😂😂😂😂😂😂,0
בושה !,0
כל הכבוד לחייל !!! תלכו אתם נבלות להתמודד עם בית משפט !!כבר ראינו מה מה קרה לאלאור.,0
אני מציע שיעשו ניווט מתודי יענו בלי לצאת מהבסיס הכי בטוח. ינעל העולם. שלא יעשו ניווט ליד גן ילדים שלא יזרקו עליהם חול,0
בסוף ידיחו אותו כי לא ירה בהם .ואם היה יורה בהם היה עצור עד תום הליכים,0
לא שופט את החייל.הפעם הוא נתקל בעבריינים שרק רצו לקחת נשק. ואם היה נחטף ונרצח!? הוא היה חייב לירות בהם ברגליים. שוב לא מאשים אותו פשוט אין לחיילים גב אף אחד לא מגן עליהם,0
מחבלים יש לומר,0
"הערבים בסך הכל דימו חטיפת נשק ,הכל יכול לקרות בקרב ....",0
"ה""רוח"" היא רוחה של המשטרה ושל הפרקליטות שמעמידות לדין אזרח מערד שניסה להגן על רכושו בשבריר שנייה. הוא לא יכול היה להעלות את הנושא לדיון או להמתין לבוא המשטרה. הוא ירה כדי לנטרל את הגנב ולא כדי להרוג אותו. כעת, הוא ממתין לערכאות הצדק שמלכתחילה אינן צודקות.",0
Kfir Evron זאת לא התמונה שלך?,0
איך הגיע למצב הזה?לא היה עדיף להכניס בכל אחד מהם איזה כדור שירגעו ואז היינו גם מקבלים הרתעה ושמירה על הנשק,0
קומנדו....,0
לירות על מנת להרוג יפתור את התופעה,0
בדיוק כמו לפני 30 שנה שבצבא היה חשש לירות. היו אז חטיפות ורציחות של חיילים. והדוד שלי אמר לי: אתה ? אל תהסס. תירה. עדיף שתהיה בכלא ולא בארון.,0
"וכי למה ציפה משה יעלון כשפתח במישפט לאליאור אזריה ??? ,, בכל מיקרה אותו מחבל היה מת עוד ליפני הגעתו לבית חולים ואליאור אזריה פשוט גמל אותו מייסוריו ,, אלא שתוצאות אותו מישפט ירדפו אותנו עוד זמן רב , גם כשגנבים חודרים לבסיס צהלי , אסור לירות בהם . מצחיק עד דמעות ,, מעורר געגועים לעבר הרחוק שכל מי שהיתקרב לבסיס ולא ידע את הסיסמא היה חוטף כדור , ועוד גנב ??",0
"אני וכל האחרים כאן יכולים להמשיך וליכעוס עד המאה ה 22 , אך מי שצריך לתת דין וחשבון לציבור בארץ לא מצייץ אפילו מילה אחת , והכוונה היא לראש הממשלה ולמערכת המישפט בישראל בפרט ,, כשבג'ץ מחליט אם לאשר או ליפסול חוק שהיתקבל בוועדת חוק חוקה ומישפט ,, אז כבר פה מתחיל כל הבלאגן , ואת טענות הציבור צריך להפנות לשופטי בג'ץ , וכשיד ימין ויד שמאל לא מיסתדרות בניהן , אז איך הגוף ייתפקד ?? , אלא ששופטי בג'ץ יושבים במיגדל השן וחושבים שאינם צריכים לתת תשובות לציבור , הם הרי לא חייבים לתת דו'ח על פסיקותיהם , הם לא עומדים לבחירת הציבור כפי שיש לממשלה כל 4 שנים , ומעליהם אין אף אחד שיקבע להם , גם לא שר המישפטים שהוא בר החלפה , וגם לא יו'ר איגוד עורכי הדין בארץ ,, ולכך יש פיתגם '' הדג מסריח מהראש ''",0
"נו בטח.. ומבחינתו טיבי פעיל זכויות אדם..סגן רמטכ""ל שמתנהג כמו בן אדם שברח מבית משוגעים, לא פחות...במקומות אחרים, שפויים יותר מהמדינה, מאשפזים אותו בכפייה או נתלה על בגידה...מי שבבחירות האלה מצביע כל ""ימין"" אחר שהוא לא בן גביר מביא לכנסת עוד מזהי תהליכים....קחו את זה בחשבון....",0
"איזה כוחות לצוות הרפואה!!!
כל הכבוד",0
ישר כוח על עבודתכם תודה תודה ושוב תודהה,0
"אדם קר קר ללא אמפתיה , היא ידעה למה לעשות הסכם סודי !🤦🏻‍♀️🤦🏻‍♀️😡",0
ביבי לא יכול לטוס לאמירויות בלעדיה היא קובעת לו איך לטוס ומתי ותמיד היא מצטרפת לטיסה,0
מתי נתאושש כל העם ממנו🙏🙏🙏,0
תעוף עם שרה ותטפל בה,1
החלמה מהירה,0
רפואה שלמה ותודה לך ראש הממשלה,0
מלא חמוצים בפוסט אחד תאמת לקרוא את המירמור שלכם תענוגגגג,0
"ביבי דיקטטור וכבר מתנהג כמו משוגעה. אתה מתנהג כלפי אזרחים שלך , כמו שאבא מתנהג כלי ילדים שצריך להעניש ולא מבין כלום. ובזמן אחרון אמירות שלך - הם אמירות של בן אדם מבוגר שאיבד חוט למחשבה נורמלית.",0
כמה רוע יש בעם הזה פשוט להקיא עליכםםםםם 🤮🤮🤮🤮,1
כולה ניתוח אפנדיציט,0
דוחים,0
ארץ אוכלת יושבה. בושה,1
רק בריאות ונחת לכם👍🙌🤏🙏🌹🤩😘,0
"רפואה שלמה לרעיית ראש הממשלה, בריאות וכל טוב.לגבי גוף הכתבה: אנחנו רואים שסה""כ הקורונה משיגה את מטרותיה וזה לאחד, לקשר, לחבר את האנושות לאחד. מדינות מרגישות יותר ויותר תלות הדדית. מבינות שאי אפשר להפיל אחת את השנייה, כי זה מגדל קלפים, אחת נופלת וכולם אחריה. מתחילים לחפש שיתופי פעולה מתוך הבנה שאחרת לא נשרוד. הטבע בנה בינינו כאלה קשרים מסחריים, כלכלים, תרבותיים, שנשאר רק להתאים לקשרים האלה את היחס הפנימי שלנו: אדם חייב להבין, שלהיות יחד עם כולם כגלגל שיניים הטוב, שמסתובב בהתאמה לאחרים, מזה הוא יפיק הרבה יותר תועלת ויהנה משלימות הגוף הכללי. גם ברמה הגלובלית מדינות לאט לאט יפנימו להסתכל על כדוה""א אחד, שכולנו צריכים לחיות בו בשלום והשלמה הדדית.",0
היא משעממת אותנו,0
רפאה שלמה אמן. ואמן,0
אבו יאיר דואג לבחירות יותר משרה עכשיו אני מקווה שהיא לא תיקח דברים מבית חולים הביתה,0
האישה השולטת בכל ...והגבר החלשלוש לצידה ‼ מנהלת את המדינה ועל פיה יישק דבר.,0
אולי היא חולה בקרונה,0
רופאהשלמה אמן ❤️👌🏿,0
אולי הלכה לקבל טפול נפשי,1
החלמה מהירה לשרה והשם ישמור אותכם מלשון הרע ביבי ושרה,0
רפואה שלמה לשרה,0
עוד אף אחת לא מת מרעב שמאלנים דוחים,1
שהזיהום יקח אותך,1
אילנית חובשי מקווה ששלחת פרחים לרשת ראש הממשלה שאת כל כך אוהבת,0
"רפואה שלמה בע""ה אמן",0
כיעור מבפנים,1
"כולה דלקת בתוספתן,הבעיה שלה היא בראש",1
מאחלת לשרה החלמה מהירה ורפואה שלמה.🙏,0
העבירה לביבי את כל הסמכויות?,0
"בריאות איתנה במהרה לגב' הראשונה, אשת כב' ראש הממשלה.",0
רק בריאות איתנה לכל עם ישראל,0
Shani Shrikiהיא עברה בהצלחה את הוצאת התוספתן והיא בהתאוששות. תודה לאל אפשר להמשיך בשיגרת חיינו 🙏🏻,0
רפואה שלמה אמן אישה יקרה⁦❤️⁩,0
רפואה שלמה,0
זה בסדר היא עם אינפוזיה של שמפניה ורודה חזרה לעצמה.,0
ישועת השם כהרף עין אמן,0
החלמה מהירה,0
רפואה שלמה,0
מאחלת לה הרבה בריאות והחלמה מהירה בעזרת השם ....אוהבים אותך גברת נתניהו ...שבת שלום,0
מזל שיצאת מזה. פשוט לא יכולתי לחיות עם המחשבה שלא יהיה מי שיבחר לנו את הרמטכ״ל הבא,0
רפואה שלמה 🙌,0
רק בריאות,0
רפואה שלמה,0
רפואה שלמה,0
"אל תדאגי יקירתי, השתדלתי למלא את מקומך בממשלה ביומיים האלה",0
וליד זהראלדין לפי איחולי החלמה אתה חתום ביבי נתניקו,0
"""מצבה הרפואי"".בואו, כולו תוספתן... ניתוח של 40 דקות, שחרור מבי""ח תוך 24 שעות והחלמה של שבועיים...",0
שרה נתניה רפואה שלמה והחלמה מהירה,0
"לאזרחים שמסוגלים לשפוך כל כך הרבה שנאה דרך המקלדת על ראש ממשלה מכהן ובני ביתו, לא בטוח שמגיע ראש ממשלה אחר.וגם מעניין, שכל מי שהכי מתלהם ומקורי בשנאתו- בטח הייתי חושבת שממש רע לו לחיות כאן. אבל אז נכנסים לפרופיל-כולם אחד אחת ""מנהלים ב..."" ראשת מחקלת של"" ...שפע תמונות מטיולי יוקרה ומסעדות (לצד קריאות ה""לך"" וכו'), חלקם הגדול בכלל לא גרים בארץ. למדו בכפר הירוק ובסמינר הקיבוצים (ספויילר-לא בחינם מלמדים שם).ובטח לא נוסעים בתחבורה ציבורית, אלא שיש פה ושם איזה ג'יפון או מרצדס מבצבצים ברקע בתמונות.אחזור על עצמי: אזרחים שמרשים לעצמם להגיב ככה בשנאה כלפי אישה (גם אם לא אוהבים אותה) שעוברת ניתוח, לא ראויים לאנגלה מרקל או סאנה מרין בהנהגת מדינתם.",0
החלמה מהירה,0
המון בריאות לשרה❤,0
איזה חמודים❤️רפואה שלמה לשרה המקסימה,0
בריאות איתנה והחלמה מהירה,0
איזה זוג מדהים רפואה שלמה לשרה,0
חלאות,0
בריאות רפואה שלמה והחלמה מהירה..,0
לכו שניכם מחיינו.,0
רפואה שלמה אמן,0
החלמה מהירה לגברת אשת ראש הממשלה 🌺,0
ביבי האמיץ מלך והוא המנצח ביבי המלך חזק ואמץ בורא עולם איתך 🌺,0
איזה חיבוק איזה אהבה  ❤️,0
לא התרגשתי ככה מאז שהיא חזרה מהשיננית,0
בריאות אמן,0
רפואה שלמה. 🙏,0
המון בריאות,0
הרבה בריאות והחלמה מהירה לשרה 🙏💙,0
רק בריאות 😊,0
"גדול המנהיגים שההיסטוריה המודרנית ידעה.אני לא מצביע נתניהו, עם זאת הוא קוסם.כבר 11 שנה נבחרת בצורה דמוקרטית, מתאים או לא - זו עובדה.צריך לתלות את המפתחות, ולפרוש עם ראש למעלה.עשה את שלו זה בטוח.",0
הוי מסכנה באמת בבית חולים שוכבים אנשים חולים בקורונה מי שואל עליהם .כמה צביעות .,0
"‏טל קופר‏ (‏‎Tal Kuperstein‎‏) זוג מקסים!!!!! 💙💙💙💙שרה המתוקה שלנו, שבורא עולם יברך אותך בבריאות ואריכות ימים,את הולכת ונהיית צעירה ומדהימה יותר מיום ליום,כנל לגבי המשפחה ה-ה-ו-ר-ס-ת שאתם!!! שה' יישמור על כולנו מקנאים ומסיתים ושונאי חינם וייתן לכם ברכה בבחירות ושתהיה לכם שבת מבורכת וקסומה לכם ולכל בית ישראל !!!! 🌝🕯🕯🕎🕎🕎",0
החלמה מהירה לשרה ❤,0
רפואה שלמה .,0
החלמה מהירה.ובריאות איתנה.אמן,0
רפואה שלמה 🙏,0
רק בריאות אנשים יקרים♥️,0
רק בריאות,0
תמסרו לעמית שכבר אין עלייה עין Taliya Atia Azulay Liron Cohen,0
בריאות,0
החלמה מהירה,0
ואולי הוא לא הזמין אותה לפגישה בדובאי....,0
החלמה מהירה,0
רפואה שלמה 😍,0
מקווה שהיא שמרה שמפניה לימים קשים. משפחה מדמנה.,0
שתהיה בריאה ותעוף מחיינו!,0
איכס.מקווה שהסבא פחות ישיר ממני,1
טיפשה על מלא,1
משה את פדופיל ומושחת ושקרן וחלאת אדם תואכל את הלב ימגעיל,1
לא מספיק לך המצב שבו נקלעתה אתה עוד פותח הגורה שלך כך תמשיך לפול מטה מטה,0
לך לכלא יזבלון,1
איש מביש ודוחה,1
לבחור רק ביבי,0
רק בשמאל האלילים שלהם הם פדופילים אנסים מסוכנים העידוד מערכות החוק רואים מה כבר הם עושים דורשים שקיפות ועונש כבד ולא לא משנה מה השיוך שלו,1
סוטי מיןאלו השמאלנים המכוערים,1
זו הסיבה וכל כלב בג'י יומו,1
למה הוא לא בכלא?!,0
למה אין תגובה של רבקה מיכאלי הקולגה שלו במשך שנים ?,0
איש חולה,1
יש בורי לעולם,0
זבל,1
רשעים בחושך יידומו לכלא,0
ככה יעשה לאיש שבית המשפט לא חפץ ביקרו.,0
איש דוחה!,1
אין לך זכות להכפיש את ביבי תתביש לך,0
לכלא לך לך לך,0
לךךךךךךךךךךךךךךךך יחד עם הפדופיל ושאר החלאות.זה מה שקורה כש השינאה אוכלת חלאות כמוכם,1
זבלה,1
חבל ... שחקן מעולה אדם כניראה לא משהוא...,0
זבל תתכונן לכלא,1
סוף סוף האמת יצאה לאור.👍👍,0
מנוול במילה אחת,1
השתמשו בסמרטוט הזה לבסוף נזרק לפח אשפה,1
להקיא אותך מהחברהסוטה,1
עבריין מין,1
היום שלך יגיע ימניק מסריח,1
יבגי פושע באמת בבית משפט,0
יסמרטוט איבגי מיתחת לאף אכלת אותה.משחק אותה המיסכן ולא ביקש סליחה.בכלא תעבור טיפול ❌,0
הקם להרגךהשקם להורגו,1
צריך להכניס אותו למפלגה של סער שם הוא ישב טוב,0
אז מה ? ישר לכלבוש יה פלצן,0
"זה סופו של כל בלון, חרמן",1
בכלא תקבל טיפול .שם יודעים לטפל בסמרטוטים כמוך,1
"להקשיב לאיבגי, כמו להקשיב לחלאה.",1
ילה ישרמוטה לכלה השם היתברך יכה בכם עד זובדם אמן,1
בן אדם דוחה !!!,1
טינופת,0
"גועל נפש , ישר לכלא",1
חולה מין הזבל המושחת הזה טפו,1
חף מפשע,1
כל קלאב יזי יומו,1
להירקב בכלא חולה נפש 😡,1
פדופיל לכלא תשכב עם מחבלים,1
זה רק מוכיח שיש בית משפט כמו שבגין אמר . וביבי יקבל משפט הוגן,0
מקומך בכלא,0
זבל,1
רועה זונות,1
אלה הם פניו של האיש הנאור בעייני עצמו ובעייני השמאל,0
זה הנאור הכבוי הסמולני אתה שוכח מה עשו לכם בגלל שאתם ספרדים .אז תיראה מה קרא לך אם היתה רואה מה שעשית אצל אשכנזי לא היתה במצב כזה,0
יעני סמולן אבל איבגי יותר משמעותי במשפט,0
מגיע לך זבל,1
כול הכבוד צריך לזמבר אותם,1
חאלס עם הסרטונים האלה תפסיקו להכפיש את השוטרים...חוץ מזה שמותר להם הכל 😅😅😅,0
חחחח,0
מנייאק,1
סמדר דוקרקר,0
מאיר קקוב להם מותר הכל,0
כל הכבוד אחלה גבר להם מותר הכל קבוצה של פושעים עם תעודה,1
שוטרים רוצחים שופטים מושלתים ממשלה של גנבים ועם של גזענים אחלה מדינה פחחחחחח,1
משטרת ישראל לא רק לדבר בטלפון מותר להם הכל גם לרצוח אנשים גועל נפש כמו היטלר,0
הוא גם לא נתן לבן אדם במעבר חציה לעבור שימו לב 😪,0
המאפיה הכי גדולה בארץ,0
כמה ריקבון משטרת ישראל🤮 מי שמייצג את החוק עובר עליו.,0
"משטרה שיכורה מכח,הם אפילו לא מתרגשים כי הם יודעים שמישהו יסדר את זה",0
בדיחה,0
אמיר מזרעאוי,0
חברים חייבים כולם להתאחד ליפתוח קבוצה ורק לצוד אותם כי מה שהם עושים לאנשים זה פשוט מסחטת כספים בחסות המדינה במיוחד בכביש 20,0
כל הכבוד למישצילם,0
להם מגיע הכל,0
"תתביישו לכל משטרת ישראל איזה גועל נפש ,גדול למישתפס אין כל אזרחי ישראלים ככה תתפוס את כל השוטרים",1
חוצפן,1
Or Gabay אכלת אותה אחי חחח,0
אמא שלא זונה בת זונה שוטר שרמוטה,1
אני רוצה להיות שוטר כדי שלא יהיה עלי עונש.המכונית המהירה ביותרהקלד הודעותלשתות את הקפהכל זה בתוך המכונית.רעיון יפה,0
איזה אמבוש,0
פשוט לא יאמן לא יאמן לא יאמןןןןןן,0
מגיע לא שלילה חצי שנה לפחות וקנס כספי 10000 שקל,0
אליאור מלאוי,0
אחמד נסיראת,0
פתאום מותר שאתה לא בתנועה?!?!? חחחחחחחחחח מדינה של מטומטמים אין לי כבר מה להגיד!!!! שוטר כזה בארה״ב לא יקרה בחיים!!!!!! בושה!!!,1
חושבים שהוא קיבל עונש ?!? חחחחחח הצחקתם אותו,0
בושה!!!!!,1
תותחחחחחח יתותחחח,0
צריך לתת לו דוח שילמד,0
כל הכבוד,0
שמואל כהן המנאייק,1
השוטרים של היום מעל החוק,0
כל המשטרה בלי מזונות,1
Israel Police - משטרת ישראל נו מה אתם אומרים ימניק,1
התפקיד שלהם זה רק לזייין אותנו בלי סוף שום שרות רק לדפוק את האזרח בדוחות,1
שישלם כנס כמו גדול,0
כוס אמא שלהם,1
בלע את הלשון חחחח,0
משטרת זונות,1
ולתפארת מדינת ישראל🇮🇱😜,0
ראשית אני לא רואה לרכב בתנועה שנית אני רואה חמור שחושב שיודע תחוק,0
זה כל כך מעצבן לראות דבר כזה,0
חביב לוי,0
אני קיבלתי דוח על פון כשלא נסעתי כלשוטרת הפון על הירך באמצע שימוש,0
כל הכבוד,0
קובי אלדד חחחחחחחחחח,0
חלום שלי Asi Palas,0
שוטר זין,1
משטרה זבל יש לנו,1
משטרת בני זונות,1
תמשיכו לרדוף אותם,0
פח אשפה,1
"בטוח הבנאדם קבל דו'ח ו""הוא חם על המשטרה בגדול הוא צודק",0
על הכיעור מוותרים לו,0
טןב מאוד הם חושבים שהם מעל לחוק כל הכבוד,0
‼️ערסים🐒 על מדים בעלי 12 שנות לימוד 😂 🤣 ‼️,1
‼️רמת אימון הציבור במשטרה שואף לאפס‼️,0
קורס טכנאי אייפון - ש.פון הדרכות 1,0
שרמוטה,1
שוטרים מותר להם הכל הם החוק תבינו את זה חברים,0
שרואות לא עושים גם כך כלום,0
"בסעיף המשפטי של דוח נייד רשום ""בעת שהרכב היה בתנועה"" הרכב של השוטר לא היה בתנועה ולכן הסרטון הזה מושלך לפינת הספאם",0
יאיר לפיד לך תקשיב מה אומר עליך גדעון לוי משמאל,0
בוגד וגייס חמישי שמוכן לפגוע בראש הממשלה במחיר פגיעה במדינה ובתושביה,1
שקרן,1
ימפגר,1
חחחחחחחח כל דבר שיוצא לך מהפה נישמע כמו הופעת סטנדאפ חחחחחחחחחחחחח,1
הלפיד כבה גרוע יותר מאבא שלו. אנטי שמי,0
יש אחד רק ביבי אתה יכול רק לדבר מילים ריקות,0
די כבר ניפחתה לנו את המוח עם השקרים שלך והשטויות שאתה מדבר אז צא לנו מהחיים ראש ממשלה לא תהיה ואתה יודע את זה אז בבקשה ממך תפסיק לדבר וזהו,0
ללפיד מתאים תוכנית בידור כמו שהיה לנהל מדינה זה לא בדיחה אחי,0
משש הזוי הנמושה הזאת כול פעם יש לו איזה יצאה לא מעולם הזה שתי מילם דפוק בראש,1
האיש בדיחה מה לו ולפוליטיקה בכלל 😂😂,1
שקרן פנומנלי אן לא שום חרטה על שקריו .מסוכן מאוד לציבור לא אומר את האמת מאמין בשקריו,1
איזה סם לקחתה הלילה,1
הוא תחת השפעת סמים,1
אתה לא מבין שלך אין את ההילה ואהבה שיש לאדונך ביבי.אגב חבל שאתה לא קשוב למה שאומר עליך גדעון לוי.🤑🤑🤑,0
פינוקיו העלוב😆😅🤣😂,1
"כמה שאתה דוחה !!! לפיד אתה ביזיון לעם היהודי, הלואי שתתפוגג ותיעלם לעד",1
רשע מרושע,1
דמגוגיה שלא יודע על מה הוא מדבר .,0
לפיד אתה הכשלון גדולה,1
לך הביתה פחדן,1
לטובתנו תפרוש אתה סכנה למדינה,0
אתה בן אדם מסכן,0
אלוי עדיף שיחליף את שם מפלגתו . לדחי. כי מבחירות לבחירות הם הולכים מדחי לדחי. וכך גם כל אלה מפלגות הבת שלהם.,0
בלהבלהבל. אתה כבר לא מעניין.,1
לך לך לשון מספיק לדבר,1
אמיר שלח רצה פרמריס שלחתה אותו הבית ישקרן,1
לפיד לך תזדיין הומו,1
את תוכנית הילדים קשקשת היו צריך לעשות על המודל שלך . תפסיק להעלות פוסטים אף אחד לא לוקח את הברבורים שלך העם מספיק חכם ויודע היטב במי לבחור .,0
"מזל שלא ניהלת את הקורונהממש,מזל",0
לך לעשות חמוצים,1
לך לישון,0
הבנאדם על כדורים???? מאיפו הוא הביא את הסיפורים האלה? כנראה רוצה להביא חומרים לגב האומה....שליין יעשה מזה הצגה...,1
לפידון מה אתה עובד. תגיד.חוץ מלכלך כל היום על ראש הממשלה אתה בן אדם לא הזוי בכלל. אתה 00000 אחד גדול אתה עושה צחוק מעצמך. כל פעם מחדש ככה. אנחנו. רואים. כמה אתה דפוק. בראש. מי שבוחר בך הוא דפוק כמוך.,1
אפס מאופס 00000000 גדול,1
זבל כימי הדבר הזה,1
רק ביבי,0
לך לעזאזל חמור,1
לראות לשמוע וליצחוק,0
דמגוגיה זולה ונואשת,0
כמה אתה קשקשן מי מאמין לך כולך רק דיבורים פאקה פאקה,1
קשקשן עבר זמן שלכה חפש עבודה אחרת,0
חמור גארם..,1
אן מה לכתוב עליו כי הוא לא מענין בכלום סתם סטלן מילדה,0
ממורמר תמיד רע לך די לשקר,0
אתה לא שווה שקל ומי שבוחר בכה לא שווה אגורה אז לך תצחצח את הנעליים של ביבי אתה ליצן לא שווה כלום מטומטם,1
הבנאדם דפוק,1
לך לעזעזל,1
יאיר לפיד איך אנשים כמוך נהיים חברי כנסת איזה שוקולד נתת מה עשית על השוטרים שהיו לטובתך ושואלים ועיניים מחר ומאיר כהן מה עשית ספר לנו לילה גם אנחנו נהיה חברי כנסת גם לי אין תואר גם לי אין בגרות,0
"כמה אתה יכול לספר סיפורים , מפלגתך פגעה בנו כאשר יצאתם בקריאה לא לשמוע להנחיות הממשלה בזמן שיש מגפה ועכשיו אתה יוצא בהצהרות. היכן הייתה התערבות שלך בהצלחה למגר את הקורונה ? תמיד הייתה צועק יש לראש הממשלה שלוש כתבי אישום מעבר לזה לא הייתה קיים לכן אתה מחפש שיאמינו לך , לכן לדעתי אתה פשוט שקרן מדופלם",0
שמע אתה מגעיל בלעעעעע🤮🤮,1
דפקט,1
לפידוש אנו סומכים על בנימין נתניהו ראש הממשלה שלנו,0
לך חולה נפש לא תזכה לרגע הזה להיות ראש ממשלה מקסימום ראש רשות הקנביס בקולומביה .,1
"ככה זה שמביאים שני ליצנים ניראים כמו בדיחה !! להחתים את מרקו בלבול !! וחאלס להעיף 90% מהסגל שהקשר בינם לבין כדורגל מקרי ביותר, חייב לציין שקוסטנטין עם ההרמות שלו צריך לבדוק שלא הוריד פנס תאורה שם באיצטדיון.",1
"בית""ר ""חושך"" ירושלים!",1
יוסי מזרחי מאמן השריף מנהל מקצועי.,0
שני ליצנים וליצן גדול,1
ביזיון אחד גדול,1
הבן של הבלם הפותח שלנו עלה השבוע לבר מצווה. בשנה שהוא נולד לקחנו את האליפות האחרונה שלנו. ואידך זיל גמור,1
נקודה מאוד חשובה במאבקי ההישרדות להישארות בליגה.גאה בחבורה בצהוב שחור.עדיף לצחוק מאשר לבכות על העונה הזו,0
ללא ספק צמד המאמנים המבריק בעוד משחק שבלוני חסר מעוף נגד קבוצה הכי חלשה בליגה. סחטיין עלייך דראפיץ וברדה בכלל אליפות,0
"מה שדדש, פניג׳ל, גיידמאק, גומא אגייר ז״ל, טביב. לא הצליחו לעשות.בא משה חוגג והצליח!מה אומר לך משה, אתה כישרון.",0
אין מה לעשות כמו שאומרים פני המועדון כפני הבעלים.אוהד באר שבע מובהק בחיים לא יוכל להיות הבעלים שלנו הגיע הזמן להתאחד כולנו ולהעיף את החולה פרסום הזה מקרבנו,0
יום יבוא ואתם תראו ש90 אחוז מהסגל הזה יהיה זרוק בליגה א ואז תבינו שהקבוצה הזאת של העונה של העונה זה סגל ליגה א מחופשת לקבוצה בליגת העל,0
גועל נפש 🤢,1
תודה לך ביתר על עוד שבוע שאת באנקר בווינר. אהה ותחליפו את ״גשם״ ב״זבל״. מתאים לכם הרבה יותר,1
"אין חדש תחת השמש מאכזבים כל משחק מחדש משחק בית שביעי שאתם לא מנצחים ! במקום לרדת לבונקר ולשמור על 1:0 קטן צאו תתקפו אתם ביתר ירושלים לא רעננה ואלה שמדברים על ניצן, הזיכרון שלכם קצר, אם לא הוא הקבוצה קבורה עמוק למטה השוער הוא הבעיה האחרונה, הגיע הזמן שתתחילו לשחק בשביל הסמל 🤬",0
אני לא רוצה לקלל אז אני פשוט לא יגיד מה אני חושב על כל מי שאשם בכשלון,0
סולבו לך לבית הרסת את ביתר,0
קבוצה של החלומות. או איך שקוראים לה בווינר: הכל אצלה יחסים....,0
צריך שזה יהיה גם סיום דרכם של צמד המאמנים הנחמדים שניסו בכח להפוך את אולסק לשחקן.,0
"בלי עתיד... בלי תקווה... בלי חלום.. מועדון בשפל מקצועי שכבר הרבה שנים לא ראינו כמותו... כשלון גדול של כל אנשי המועדון... לפרק ולהרכיב מחדש ויפה שעה אחת קודםלשחרר בדחיפות: קונסטנטין,ביטון,מגבו,ורד, בן חיים, זהבי, האסלביינק ועטרלספסל המחליפים: מוחמד, שועה, אוחנה",0
"בית""ר היום זו הקבוצה הכי אפורה מאז 1937",0
חוגג ואוחנה הביתה!אתם כשלון מוחלט!,1
סמרטוטים,0
למה שני הליצנים עדיין בעמדת המאמן ??????,1
בקצב הזה שנה הבאה לא יהיה דרבי... והפועל בדרך לעלות,0
קבוצה פחחחחחח,1
חוגג תן גז יטרנטה,0
בושה וכלימה.לאיזה שפל עוד אפשר לרדת?????אין מילים.בושה וחרפה.תסיקו מסקנות.בקצב הזה יורדים ליגה ועוד פנטזו על תארים.ביזיון,0
"איפה השנים הינו מקבלים 4 אבל גאים בקבוצה, אין רגש אין כלום. הרסתם אותנו",0
בושה בושה ושוב בושה ביישתם מעל מליון איש בהצלחה בפלייאוף התחתון,0
מה צריך לקרות כדי שחוגג יבעט כבר בצמד המאמנים הזה....הכושל והעלוב?!,1
אתם מביישים את הסמל את המועדון את הקהל בושה בושה אוחנה וחוגג,0
עלק דרפיץ: יש לנו עוד מטרות העונה. שים את המפתחות ולך הבית מוקיון,0
כל משחק יותר גרוע מהקודם מה עושים האימונים מיסתלבטים על כולם כולם כולל כולם הביתה מהגדול לקטן,0
הקבוצה הכי חלשה בליגה ביתר ירושלים וחוגג רק מרסק תקבוצה מוכר שחקנים בסוף הקהל עוד יתגעגע לטביב,0
טדי נהיה הבית זונות של הליגה פס לא יודעים לתת תתביישו שרמוטות של הליגה אתם,1
עגלות,0
קבוצה שמפסידה לסכנין ועשה תיקו עם בני יהודה אין לה מקום בליגה שחקנים פח וזוג מאמנים שאני עד אחשב לא יודע מה הם עושים במשך כול השבוע !!!,1
‏פעם אחד לתמיד תגידו לי מה התפקיד של אלי אוחנה בקבוצה,0
"מאמנים חלשים עם חוסר הבנה בסיסי בבחירת הרכב וחילופים . אני כבר מיואש אין סוף לבושה הזאת ואם אני חוגג הורס הכל מצדי משחרר הכל בונה הכל מאפס עם מנהל מקצועי זר שיבנה סגל מחדש ובלי עצות של ""פרופסורים"" כאלה ואחרים שמנעו מאיתנו להביא את מיכה אצילי וכו.. ומנגד להביא שחקנים שאין להם מקום בשום קבוצה בליגה.",0
"התיקון האוטומטי מצחיק.זה ""סיוט בטדי""",0
"איכס קבוצה פח,שחקנים מגעילים בלי טיפת לחימה,הלו ימזדיינים אתם ביתר ירושלים!!!קונסטנטין תמשיך לעשות באנגנים לפני משחקים",1
חכו חכו בראשון שורף אותכם ואת האיצטדיון הרגתם את הבריאות אתם יותר רעים מהקורונה !!!!,1
שורף את קונסטנטין לא יודע אם הוא בועט או מרים סעמק לא מסוגל לתת קרוס אחד טוב השם ישמור,0
איכס קבוצה אפורה מסכן חוגג כמה הוא משקיע וזה מה שהוא מקבל מקווים לעתיד ורוד יותר רק תשתדלו לא לרדת ליגה כי אתם לא רחוקים מישם,0
רק ביבי,0
גם אם יאריכו את המכירת כרטיסים ל2036 אסור לקנות כרטיס לגועל נפש הזה,1
הבדיחה של הליגה.,0
קבוצה פח.,1
"גועל נפש של קבוצה!! בלי דרך, בלי שיטת משחק מסודרת, ובלי מאמנים... אך אתם מצפים שקהל יבוא לראות אותכם?! לפחות הקבוצות בליגה א' נלחמות יותר...",1
קבוצה בלי אופי יש עוד דרך ארוכה.,1
רקדניות בלט 💃💃💃💃,0
רק שלא יגיד מנוי ב1000 עונה הבאה פחחח,0
"המנורה? נעלמה!נעלמה? נמחקה!זה בסדר להפסיד! זה בסדר לסיים בתיקו!! זה באמת בסדר! אבל איפה המחויבות למנורה? לעיר בירה? איפה המחויבות לימים של שירזי? סמי מלכה? יעקב שוורץ? איפה מחלקת הנוער?? ודי למכור לי את זרגרי שהוא עילוי כן??? אבל הוא עילוי כי הוא נולד ככה, הוא לא עילוי כי מחלקת הנוער עשתה פלאים! יצא ככה, במקרה. שחקנים שעולים לשחק בלי לדעת את העמדה שלהם, אין תקשורת, חלוץ בן 21 שכבר נראה שהוא מת לפרוש! לא בא לו לרוץ! הכל מקרי, אין תכנית עבודה ולצערנו מסתבר שגם אין תכנית מגירה. מילא להפסיד, מילא לא לנצח, אבל לראות סטורי של שחקנים עלובים כאלה זה מינימום לחשוב שהם שוחטים את הליגה. מה קרה לקבוצה של המדינה? איפה נעלמה הנחישות? המחויבות לסמל? בראש הפירמידה המקצועית עומד אחד, אלי אוחנה שמו, מת לדעת מה תפקידו במערכת. אחד כזה אמור להטריף את חדר ההלבשה! לספר להם מה זאת המנורה!!!! לספר להם שבימים עברו כבר בשער הגיא נקבעה התוצאה! מה זה. . מה הפכנו להיות. . איך ממשיכים מפה? גרוע מזה, מה צופן העתיד? למה שחקנים מסכימים לסיים בתיקו? מאיפה הגיעה התבוסתנות למועדון שמייצג את הצד הלוחם של העם. זה בסדר לא להצליח! אבל זה לא בסדר שהדרך עקומה ומטושטשת, מה נהיה ממך בית""ר. ..",0
שוער פח,1
בשכונה הכדורגל נראה יותר טוב מאיל שביתר משחקת המאמנים חייבים להתפטר!!,0
איפה הימים שטדי היה מבצר,0
מתי מעיפים את הזוג לייצנים שעל הקווים ? מתי יעשו ניקוי אורוות ויעיפו את כל היוצאי לפנסיה ? מתי נראה מלחמה ולא טיילת ? מתי מי שלובש את המדים של ביתר יבין שהוא בא לשחק כדורגל ולא להיות דוגמן ? מתי מישהו יתעורר שם בהנהלה ? מאמנים ושחקנים פשוט בושה !!!,0
"צריך איזה זעזוע טוב למועדון לרדת ליגה, להתפקס מכל השנים הדפוקות והעונות הגרועות ולחזור מחדש כמו גדולים",0
״ואפילו שקשה אני אףפעם לא נישבר!!״,0
חסר לכם חצאיות ינערות עם כדור,0
סמרטוטי ריצפה,0
מה לא מובן ? כמה פעמים יגיד את זה ? עונה הבאה כולם הביתה! המאמנים! המנג׳ר שלא עושה כלום(סורי עדיין אוהבת אותך אבל רק בתור סמל ושחקן) כול השחקנים הביתה! כולם! אחד מהם לא יכולה לראות וכולל השוער! ניקיון כללי ! בנתיים לקנוס את כולם ! מאמנים מנגרים שוערים שחקנים ואת חוגג גם! כולם לא יקבלו משכורת! רוצים לקבל תנצחו! זה התנאי! ובחלקים ! כול משחק שינצחו רבע משכורת לא ינצחו לא יקבלו כלום! ככה עד סוף עונה! נשמה ורצון אין אז רק לפגוע בהם דרך הכיס עד שניפטר בתקווה עונה הבאה מכולם🙏 אחד מהם לא ראוי לקבוצה! בזיון!,0
המאמנים הביתה דחוף למה יורידו תקבוצה ליגה חלשים מאד,0
טוב זה היה צפוי שהלוזרים יתרכזו עכשיו בלא לרדת ליגה,0
"זה מה מגיע לנו, לא מגיע לנו פלייאוף עליון שנגיד תודה ונשאר בליגה. אין דרך, אין שיטה, אין כושר, פעמיים שלוש בשבוע אנחנו משועבדים לטלויזיה ורואים את המטרד של הקבוצה הזאת.",0
ירושלים לא תרד תפייייי כוס אמא שלכם עגלות של כסף יאללה כל השכירי חרב הבייתה ומהר,1
איזה כיף לראות אותך מתעצבן ככה שאתה מבין שהפסדת כסף ושאין פלייאוף תחתון ... מאחל לך 000000 שקל בבנק,0
"שנה הבאה בית""ר חייבת לחזק את חוליית ההגנה במגנים ובלמים איכותיים.בלבול - לפי דעתי אופציה לאימון הקבוצה, במידה וחוגג יחליט להחליף את צוות האימון. מתאוסיניו וינקוביץ' סך הכל שחקנים מאוד דינמיים ומצויינים להשאיר לשנים רבות.לדלל את הקישור שהוא רווי בשחקנים.להביא את דין דוד לחוד לצד שועה ועטר.יחד עם זאת שיהיה מערך סקאוטינג טוב ויותר עבודה על כושר גופני.",0
"הדבר שהכי פחדתי ממנו קרה, אני כבר הפכתי להיות אדיש לקבוצה!!!",0
דרפיץ וברדה תאספו בבקשה את הציוד ותתנדפו מבית וגן.זה גדול עליכם!,0
סיום בטדי..או סיוט בטדי🤔,0
"קונסטנטין חלש מאד. מקסימום מגן מחליף. כל הזמן מוסר אחורה, הגבהות לא בכיוון, יש לו קושי לעצור כדור. זו לא רמה של שחקן שמשחק בתפקיד המקורי שלו.",0
ממש תמונת ניצחון😂😂😂קבוצה בדיחה,1
"מנסה לחשוב חיובי, לפחות תהיה לנו הזדמנות נוספת לנצח את חדרה 🥴",0
לפחות לא קיבלנו שלישיה מסכנין ו4 ממכבי,0
פח,1
אני כבר מתגעגע לטביב..,0
קבוצה אפס בושה,1
העונה גמורה. אולי הגביע יציל לנו משהו.עכשיו הזמן לשרוד את התחתית ולבנות את העונה הבאה.,0
ניצן. קריאף. זרגרי. עלי. ורד. שועה. מתאוסיניו. אוקאמפוס. ינקוביץ. אוחנה. אלה השחקנים שצריכים להשיאר לעונה הבאה כל השאר להשאיל לבני יהודה לחמש עונות,0
יום ראשון נמרר את החיים לחוצפן שיעז לא לרוץ עד שהוא מת,1
חכו חכו ליום ראשון יבני זונות אנחנו נבוא במיוחד רק להגיד לכם מה חושבים עליכם יסמרטוטי רצפה יום ראשון יגמר לכם הבית זונות,1
"הקהל הכי ""חזק"" ""ומשפיע"" הפך להיית קהל של פייסבוק....אולי כשנרד ללאומית ונסע לעילוט לעכו ורמת השרון אולי נתעורר...חרא עלינו קהל של מקלדת",1
בושה!!,1
נגמרה העונה,0
אלף פעמים אמרתי. לעלות עם שחקנים צעירים שיש להם קצת יותר מחויבות מכל הבלרינות שיש היום על הדשא,0
אוי ואבוי שהקבוצה נראת כך.או ואבוי למאמנים שקיבלו שחקנים כאלה.,0
"קבוצה לא מאוזנת ללא בלמים.ללא מגינים.ללא גרזנים וללא חלוץ גולר אמיתי.רק שלא ירדו ליגה בית""ר אין לה יכולת להיתמודד בתחתית אין לוחמים ששמים תחת במגרש אין שחקנים עם עבודה שחורה רובם כוכבים ללא קבלות וחלק פצועים קשה.לכדורגל המסקנה.צריך להיתפלל חזק שלא ירדו",0
כמה עוד תתעללו בנו כמהההההה. די מספיק הקורונה משגעת אותנו ואתם מוסיפים עוד ועוד דיייי,0
נועדנו ליסבול חברים מהקבוצה נישאר רק השם והאוהדים אתם לא ביתר האימפריה עוד תחזור,0
"למאמנים של בית ""ר אם יתנו להם את ליברפול גם יפסידו .",0
חיותתת,1
איך רואים שהבחורים שם רק חיפשו למי להרביץ. באותה המידה יכלו להפריד.,0
ממש לא הפגנה התפרעויות אלימות ותוקפנות חסרת רסן כלפי האזרחים. מ ז ע ז ע,0
מנומסים???מי שהיה בכבישים הרגיש וחווה אלימות בוטה וחסרת רסן.,0
זה מה שהם יודעים הברברים רק באלימותאותי מעניין שאתיופי רצח את אשתו למה הם לא יצאו להפגין ? צביעות לשמה,1
חלי בן ברוך מה להמליץ לחיילת להכין מעכשיו את התיק לכלא 6?,0
לו היו ערבים ישראלים היה נהרג לפחות 13 כמו באירועי 2000,0
״נהג תוקף מפגינות?״,0
לא רואים שתקף מישהיא,0
מיותר. מיותר.,0
חיות אדם,0
הדם שלהם לא הפקר במקום לתמוך דורסים אותם ומה עושים עים זה כלום אז זיין תקבל המשטרה כואב הלב מסכנה אותה משפחה אנחנו נראה להם שהם לא לבד כול המדינה צריכה לקום ולהפגין,0
נראה כאילו הצלמים שרצים בניהם הביאו אותם מעזה,1
ביזיון פשוט חיות אדם אין בכם טיפת תרבות ברברים!,1
גועל נפש חיות!,1
רק כדור בודד בראש,1
צריך לקבור אותו בפארק לכלבים עם הראש בחוץ שישתינו עליו,0
זה מלגזן הוא רגיל לעלות ולרדת,0
הבנאדם נדפק לגמרי‼,0
רוב האלימות בהפגנות בבלפור באות מהמשטרה!מה לעשות והבחור עם המגפון צודק,0
הוא ממש על סף התקף הצווחן התורן... חחח,0
איזה סוג כלב זה ? והאם ניתן לאמץ ?,1
"נראה לי הם מבינים היטב החוגגים בבלפור שהמסיבות גוססות הם לא מגיעים למטרה של ""ההשכלים"" למיניהם. המיליונים נשפכים ותכלס זה דועך... פחחחח",0
איש דוחה ומגעיל מנוול,0
בן זונה,0
זו אנרכיה מישהו מאפשר את זהלהתעורררר,1
סבלנות של ברזל מצדיע לשוטר,1
"החולה נפש הזה עם המגפון היה אמור להיות מזמן בבית סוהר או בבית משוגעים, לא מבין את הקצין הזה הוא צורח עליו ומקלל והקצין מאופק פשוט בושה.",0
את הזבל הזה היו מזמן צריכים לסרס....זבל אנושי,1
היצור הנאלח והדוחה ביותר שראיתי בתקופה האחרונה.,1
"לא להאמין ,לאן הגענו והמשטרה עומדת חסרת אונים!😡",1
"כל הגועל שיוצא מהפקולטה למדעי הנאורות, צחנה",0
בהמה חייתית איכס זהוא פרצופו של העוכרי ישראל אל תשכחו בקלפי למי אתם מצביעים,1
הצעקן הזה תפס תחת.מעבר למצופה.מענין מי מגרד לו בגב...???,1
חולה נפש!,1
מישהו..שישתיק..את המרוקאי מחמד..ושישאל אותו כמה כסף הוא מקבל..?..לימכור ולהחריב..אותנו עם ישראל..,1
בהמה,1
",מה זה הדבר הזוי הזה משטרה קיבלה הוראה מהפרקליטות לא להגיב",0
"איזה עליבות של משטרה,בושה.",0
איזו בושה.צחצח.ערס.מגעיל.ברברי.,0
זה פסיכופט על כל הראש הייתי דוחף לו את המגפון לתחת,1
כזה מטומטם האיש ..גז מדמיע היה גומר אותו ..צועק כמו בהמה,0
המיקריפון או המגפון היחידי שצריכים לקחת הוא ממך,1
מתי הוא מסתפר 🤣🤣🤣🤣🤣,0
איבדו את זה לגמרי...,0
לך לעזאזל יא אילומינטי מסריח עלוב רודף אהבה מילדים בני 15 יום יבוא ותעמוד למשפט על הסתה ושיתוף פעולה עם איוב נגד מדינת ישראל נגד אזרחי ישראל יא אוכל חינם כמו ראש הממשלה שלך אפס,0
אפס,1
אילומינטי מסריח זה מה שאתה,0
עובד אלילים יא אפס צל של הביצים של תרנגול אפס,0
אילומינטי מסריח,0
אילומינטי מסריח בונה חופשי עלוב אפס אפס אפס אתה אפסססס,0
סמרטוט ריצפה אילומינטי מסריח חרא של סוס לא הייתי מנגב איתך אלוף בהסתה אלוף בפילוג,1
אפס אילומינטי אפס,0
סמרטוט ריצפה של אילומינטים,0
חיטול מלא בחרא יא אפס יא אילומינטי יום יבוא תעמוד למשפט יא מסיתן גזען אפסוסי,1
חרא של חתול לא הייתי מנגב אתכם יא אילומינטים מסריחים לא יהיה כאן סדר עולמי חדש לא תהיה אג’נדה 21 אתה יכול לעשות רושם על ילדים בני -5 יא אפס סמרטוט ריצפה של בונים חופשים אתה אפס ומי שהביא אותך אפס יום יבוא יא אילומינטי מסריח תעמוד למשפט אתה וכל הכנסת הצבועה הזו על פשעים חמורים נגד האנושות אילומינטי רקוב עובד אלילים יא אפס,1
מאפשרים להם יותר מדי,0
למרות שהוא מחריש את אוזן השוטר למה המשטרה נצמדת להם לחיים שיתנו להם להפגין עד מתי שמותר להם והוא צודק מאמין שאם היה מסביר בשקט היה נעצר למרות שהיה מסביר יפה אני לא בעד המפגינים ואין קשר לפחד של המשטרה תשימו מחסום ותיהין בצד בשקט לא בין המפגינים תחפשו אש ברגע שמסתיימת ההפגנה עד 11 ולא עזבו אז מותר לעצור אנשים אהל למה להפריע ושוב אני לא שמאלן זאת דמוקרטיה,0
בן של זונה,1
"במקום השוטר הייתי מקרב לו את המגפון לתוך הפה,ממתי מדברים ממרחק של חצי מטר עם מגפון אל מול בן אדם? ואם זה במקום שוטר, ערבי זה היה נראה טוב?",1
אידיוט!!!,1
חתיכת זבל פסיכופט.,1
שיתוק בגרון בז'דאללה לעזיז' 🙏🙏,0
שוטר פרייר דפוק לנבזה הזה בוקס לפנים,1
חראם על השוטרים אין כוח הרתעה מול שמאלנים מסריחים מבגידה תפסיקו לפחד מהשמאל תתחילו להגיב תנו להם בראש שידעו שאין פחד הבעיה שמנדלזיפת הכלב נותן הגנה לשמאל ימח שמו כלב מסריח,0
כל מה שהם יודעים זה רק לצרוח.מתישים.,0
העבד של האשכנזים ממש מתאבד בשבילם.מענין מה הם חושבים עליו.,1
השוטר הזה לא שמע באוזן שמאל שבוע קדימה! חחח וזה לא פגיעה בעובד ציבור זאת לטיפה😅 כל הכבוד ל0מאלנים מה שהימין כבר מזמן עם ידיים ורגליים שבורות בכלבוש אצל ה0מאל זאת דרך חיים.,0
בהמות במיוחד זה שצועק .,0
כואב על השוטרים...מי צריך דמוקרטיה עם שמאל כזה...ביבי לנצח...,0
חולה בראש במקום אחר היה עף בלי שניים,1
יימח שמו היום לפני מחר חולי נפש כל השמאלנים אישפוז אבל רק בעזה לא פה שיילכו כפרות על החול של המדינה שלנו אמן,1
הבחור חולה נפש ......מוצהר ומובהק ...זקוק לאישפוז בכפייה,1
בושה האיש הזה עושה בית ספר למשטרה,0
‏חתיכת זבל,1
לא משהו שבוקס לפנים לא היה פותר,1
אני מתפלאה לראות השוטר שהוא לא עונה ולא מגיב מה זה השטויות האלה איך הוא מרשה לעצמו לדבר ליד איש חוק נראה לי שאין פה במדינה לא יתכן דבר כזה לא יהיה חוק ואין חוק חבל מאוד עם חלה כזאת לוקחת מיקרופון וצועקת והשוטר יושב בשקט שאפו מגיע לו שפו הוא לאל שוטר שוטר פחדן בושה וחרפה לאן הגענו,0
חולה נפש!!!תתקשרו ממנו!!!עוד תקבלו כלבת ולא קורונה!!!,1
השוטרים מפחדים מעורכי דין שלהם וממיתקפה מערוצי התשקורת.. אז הם סופגים,0
תקפלו את הזין הזה וזרקו לניידת,1
מסכנים השוטרים. אני מרחמת עליהם . ככ קשה גם ככה. הם בקו החזית. ההוא צורח לו באוזן כמו משוגע. אם רק מדברים אז תוריד את הרמקול ולא לצרוח כמו משוגע,0
אם היה איש ימין .היו מפרקים אותו המסכן!לשוטרים כאלה עלובים מגיע הביזיוןפוחדים על מקום העבודה??תתבזו.אינכם ראויים להיות שוטרים.אדם בלי כבוד.אדם בלי אופי!,0
אווזה צרחניתשיא הגועל,1
חולה נפש התאהב בהפגנות!!!!,1
מרוקאי מפגר שמקנא בדוד אוחנה החכם. בכל משפחה יש את הבהמה השחורה. במקרה של אוחנה יש את המלגזן החמור שרוצה פרסום על חשבון הדוד החכם אוחנה,1
גז פלפל עושה פלאים,1
כלב!!!,1
"הצורה שבה הוא כורז לאנשים באוזניים, זה תקיפה לכל דברלא מבין את השוטרים",0
מפחד פדיחה,0
אלוף!!!,0
הייתם צריכים לאזוק אות באזקים את העברין הזה שתוקף אתכם,0
גועל נפש גדול מאוד,1
"לאנשי השמאל לא עושים כלום, לכן מרשים לעצמם.",0
"אין כבוד לשום בנטדם שמשרת את המדינה, אבל הראש מסריח מהראש...",0
סדי בן שטרית הוא הסמרטוט של אנשי השמאל,1
במקום לתת לו באבי אביו השוטרים המסורסים עומדים ולא עושים לו כלום,0
איזה בן זונה,1
תראו את הבן זונה המיתרומם איך צועק ומאיים על שוטרים.והם כמו בובות של המנייאק הרועץ המשפטי לא פועלים למגר את החלאה.וואי וואי אם זה היה חרדים או לא עלינו תומכי ביבי.היינו רואים אפס סובלנות.,1
חולה נפש וסמרטוט שמקנה לברק את התחת,1
זבל מדבר ומקיא זבל המפגין העלוב . חבל שלא קיבל קת של רובה בסנטר .,1
במדינה נורמלית היו קורעים אותו,1
חבר כנסת שאנחנו ממנים גואל נפש,1
"אבו מערוף אני דוד ברכה וח""כ מוחמד ברכה אני יהודי ומוחמד ברכה ערבי מוסלמי איך זה ששניינו אם אותו שם משפחה ואחר כך אני הגלה לך",0
"אין לי בעיה אם הבדואים,,אבל אתה בן שרמוטה רק אלימות אתה משדר בארכה, לך לעזאזל אתה וכל החכים הערבים!!",1
שישמחו שהם לא בסוריה,0
"לזרוק אותו מהכנסת,בוגד,מחבל,מרגל וזבל.",1
"לשים אותו ואת כל הבדואים בשטחים,ושיקבלו ת.ז אדומה.",1
"זה חמור. לא אוהב את הבדואים, לא יודע אפה הם גרים וחושב שלקרוע את הניר יביא לו קולות. אהבל!!!!!",1
להעביר את הערבים הבדואים הגנבים לסיני זה לא עונש זה חובה .,1
"חבר""ה מוחמד ברכה המוצא שלו משבט בנימין לאחר הכיבוש המוסלמי משפחת ברכה התסלמה",0
"אדיוט נשאר אדיוט , אדם קולני וולגרי שאין בו כלום... לא עשה דבר בשביל הבוחרים שלו.. אפס",1
מזכיר לי את הרצוג. #,0
רק בישראל,0
או תעודת זהות מצרית . וואלה לא יודע מה הצבע שלהם,0
הוא. שווה מילה אחת אידיוט!!!!!!,1
כנראה אנחנו באמת חיים במדינת אפרטהייד,0
"בע""ח",1
אחלה חוק,0
עבד כי ימלוך,0
"רק אצלינו ערבים יכולים להתנהג בנבזות , נראה אותם גיבורים בעזה, סוריה או בכל מדינה מוסלמית אחרת.",1
כמה שהוא מכוער...לא יאומן,1
חחחחחחחחאיזה קרועים יא אללה!!!!,0
ממש ביזיון.. יורקים לבאר ממנה הם שותים... מקווה שהכנסת תעניש אותם ותשלח הרחק הרחק מהכנסת... עדיפות ראשונה ממשלה חמאס.,0
זה מה שמקומם אותם איפה הם היו כשפינו את גוש קטיף יצהר ושאר ההתישבויות הישראליות שהם באמת אזרחים ישראלים לא כמו הבדואים שמגיעים למרכז לגנוב רכבים וכסף,1
אנשים חסרי כבוד הערבים האלה איך הם יושבים בכנסת,1
כוס אמק...לזרוק אותו ואת אחמד טיבי ואת השמאלנים לעזה יה מדינה של מפגרים !,1
צריך לזרוק אותו מהכנסת.ולשלוח אותו לעזה.ונראה אותו מתנהג כך בעזה.יש לו יותר מדי ביטחון.חיה מגעילה .איך בהמה כזה נמצא אצלנו בכנסת?ממשלה של חנונים.,1
לזרוק אותם לים!! פחי אשפה עם רגליים!!,1
זבל ! רק בישראל זה יכול להיות!!!!,1
"חבר""ה אנחנו המקור תורת ישראל בידינו בגלל זה אני דוד ברכה לא נלחץ מי כל מיני גימיקים",0
עד. מתי נסבול את הזבל הזה בכנסת ישראלללללחלללללללללל,1
בושה לנו שיש כאן חברי כנסת ערבים ..צריך להעיף אותם מכאן..שילכו לסוריה אם היו עושים זאת שם מיד היו מחסלים אותם..,1
מה עושה שם בכנסת שונא ישראל זאת השאלה?,1
"תתייחסו אליו כמלך, תנו לו הכל מכל, מדינה לתפארת. מה הוא מבין ? זבל ערבי נשאר זבל ויסריח בכל מקום !",1
איזו בעלות??? הם שבט נוודים שנדדו כל חייהם במדבר ופתאום הם דורשים זכות התיישבות ובעלות על אדמות ארצנו??? חוצפה!!!,1
לעשות טרנספר לאחמד זיבי וכל המפלגות של המחבלים האלה.,1
כהנא צדק רבותיי,0
מתאים להם! כלל לא הופתעתי מהתנהגותו! זו המנטליות לא יעזור! ״ נשבע אמונים״ מעניין לדעת למי???!!,0
מה נותנים לטמבלים האלה להיות חברה כנסת?,1
זין עלייך סמיר.... וואלק תאמין לי שאני בשוק שאתה יודע להקליד... יש לי שאלה אתה יודע לעשות גרעבס... י'אבס... יש לך ברגית י'בבון?? תעשה טובה לפני שאתה מקליד תגובה בעברית לפחות תעשה את זה כמו שצריך י'אפס!!! לך לגמל שלך וזדיין לי מהרשתית!!!,1
זבל בן זונה !!!,1
על זה נאמר וישמן ישורון ויבעט. פשוט זבל שצריך לאחסן במחנה עופר. לכל החיים. בהמה.,0
להעיף אותו בדחיפות מהכנסת,0
מה מצפים מחבר כנסת ערבי.,1
בהמות שלא ישתנו לעולם. במדינות ערב לא יעזו לעשות מה שהם עושים כאן. מי זה סמיר וחגית זה ערבי שמנשנש יהודיה? יש חוג חברים שאוהבים לנדנש ערביות אבל בלי מכות כמו סמיר ערביות שצמאות ליהודים.,1
צריך לנסות לדבר איתם וליצור דיאלוג ראוי יש לנו מספיק צרות אין סיבה לא להגיע איתם לעמק השווה,0
"צריך להזכיר להם שגם הדרוזים ברמת הגולן קרעו את תעודות הזהות שנתנו להם לפני 3 עשורים. היום הם מחפשים את פיסות הנייר שגזרו ומבקשים תעודות גם לקרוביהם בסוריה. גיא בכור קורא לחברה האלה ""חולות נודדים"" כדאי להפנים את הכינוי ולהתייחס בהתאם.",0
ברברים!! אין תרבות!!!,1
"הערבים לא יודעים מה זה חוק להם מותר לעשות הכל ולבוא בטענות למדינה על קיפוח, גזענות וכו' . הבדואים רוצים להשתלט על הנגב והדרוזים והבדואים על הגליל והערבים על איו""ש, אם לא יהיה הסדר חוקתי ואכיפה מספקת הם יכבשו לנו לא רק את הנגב אלא את כל המדינה.",1
ואנחנו נמשיך לממן את חבורת הבוגדים הזאת מכספי המיסים הגיע הזמן שיגרשו אותם הרי בסוף עד יתברר שכולם בוגדים כמו עזמי באשרה אני מתנדב להסיע אותם למחסום ארז שם נראה אותם גיבורים בושה למדינה ולכנסת,0
מחבל !,1
קראתי הכתבה ולא מבינה - מה רע במה שמציעים להם? מה זה מנשלים אותם מאדמתם? לא נותנים להם בתמורה אדמה? רוצים בסך הכל לעשות קצת סדר - על מה הזעם? באמת לא מבינה - מוכנה לשמוע,0
זאת התרבות הערבית....לא נראה להם?יש אלימות......לכו לסוריה ולאיראן שם מקומכם בוגדים,1
פרובוקציה בשקל. מונית על חשבוני לגבול הקרוב,0
לכו הביתה,0
גייס חמישי רפובליקת בננות אני רוצה לראות חבר פרלמנט יהודי יעשה את זה בפרלמנט של מדינה ערבית...מדינה פושטת רגל יד וראש....,0
שילכו לכל הרוחות ערבי טוב זה ערבי ..... ניחשתם נכון ... ערבי מת .. !!!,1
יור הכנסת צריך להעניש אותו על בזיון בכנסת ולהרחיקו מישיבות הכנסת לתקופה ארוכה,0
מה הוא מחפש בכנסת.,0
להעיף את המחבל הזה מהכנסת!!,1
"די עם הבריונות, נמעסתם חברי כנסת ערבים...חוצפה להגיד הייתם כאן לפנינו, יש לכם מזל שאתם במדינה דמוקרטית ולא באחד מארצות ערב, כי כבר מזמן לא הייתם קיימים...לא תנצחו אותנו לעולם....",0
לגרש אותם מהכנסת מבזים את הכנסת הם טרוריסטים!,1
זה בגלל הוותרנות שלנו כלפיהם אילו זה היה הפוך לא היינו מעיזים אפילו לחשוב על התנהגות שכזו,0
זה מה שהערבים יודעים לעשות הרס הרג וכו.,1
אין אמונה בערבי 40 שנה בקבר.,0
סתם דפוקים,1
"עד איפוה יכולה להגיע החוצפה שלהם? אבל הם לא אשמים , זה אנחנו שלא יודעים להציב להם גבולות.",1
לסלק אותו מהכנסת... נראה אותו במצרים קורע מסמך בפרלמנט....,0
הצגה אחת גדולה !,0
"מזלזלים בכנסת ישראל .בושה וחרפה ,שונאי ישראל ,רואים לכם את השינאה בעיניים.",1
אנחנו אשמם במצב הזה ממשלת ישראל,0
למה שונאנו בכנסת? אם הם שם אז זה המצב.,0
"התנהגו בצורה מכוערת מאוד, ניבולי פה, מה זה?.? בושה ככה לומר ללימור לבנת "" לסתום את הפה, מי הוא????? בושה וכלימה.",0
אין עונשים בכנסת?,0
"כאילו שהח""כים הערבים דאגו אי פעם לבדואים. צריך לזרוק אותם לאלתר מהכנסת ולהאשימם בביזיונה.",1
"הח""כים הערבים מוחים על חוסר דמוקרטיה בזמן שהם עצמם עושים דברים לא דמוקרטיים. שיעיפו אותם כבר לכל הרוחות!",0
מקבלים את כול התנאים לא משקיעים שום דבר למדינה ועוד באים בתענות .,1
מקבלים משכורות מהמדינה שלנו.ושונאים .,0
צריך להעביר את הגועל למקום יותר טבעי עבורם עזה,1
"בושה למדינה על מתן חופש דיבור לכשכאלה , שינסו לדבר כך באחת מארצות ערב ,ואז ניראה מה תהיה התוצאה. ועוד אוכלים על חשבוננו",0
ערבים לועגים לכנסת ישראל בושה למדינת ישראל אנחנו עם של נמושות ופחדנים !!!!,1
כמה זבל במקום אחד. ממש רמת חובב הכנסת הזו,1
"פלסטיני? שב""ח שניסה לדקור אותו. תדייקו.השוטר מג""ב צריך לקבל צל""שש!",1
כול הכבוד,0
"וואלה אתם שמאלנים לפי הכותרת אפשר לחשוב שהצדיק בא להדליק נר , רק בכתבה כתוב שהוא ניסה לדקור את השוטר",0
מוות לערבים,1
"""לדבריו, הוא חש בסכנת חיים"". וואלה, אני מאמין ל'דבריו'. וגם אם לא חש בסכנת חיים והחליט לירות בחתיכת שק חרא הזה, אני מוכן לתת לו חיבוק עכשיו. איך זה?",1
"הגיע הזמן !! וואלה, שוטר מג""ב ירה במחבל ערבי. שוטר לא יורה סתם כמו שמחבל ערבי לא מסתנן סתם. יש לשניהם מטרה ותודות למטרה של השוטר, גם הפעם המטרה של המחבל נבלמה. כן יירבו !",1
כל הכבוד למג״ב,0
מעולהההה! איפה הפרס לחייל?!???,0
שוטר מגב ירה למוות במחבל בבית העלמין בפתח תקווה *,0
"שאפו לשוטר. אבל הכותרת בעיתון מגמתית.במקום לכתוב ששב""ח איים בסכין על שוטר וזה ירה בו למוות, כותבים כך שהכותרת תספק שמן למדורת השמאלנים.",0
חבל שרק אחד . חדשות לא משהוא .. אני בתור אזרח לא מרוצה היה אפשר להרוג עוד כמה .,1
כול הכבוד לחייל מעכשב אין בית סוהר רק קבר שיהיה חד חנוכה שמח ליהודים בצד הימין,1
ירבו מקרים כאלה בעזרת השם!כל הכבוד לשוטר :),0
נו.... זה הההההמקום של המחבלים,1
מחבל* פלסטיני,1
ערבי טוב זה ערבי מת חחחחחחחח,1
יעקב ברוך זה אתה ?!?!,0
"אחי מה יש לי לחפש במקומות האלה? , אני מונע פח""ע בשטחי איו""ש ומתמודד עם הפרות סדר מדי יום במיוחד בימים האלה !",0
כול הכבוד מגבניק,0
טוב מאוד כך יש לפעול מבלי להתחסד,0
כל הכבוד,0
יפה מאד כל הכבוד כנראה הגיע לו,0
תפנימו את זה לא פלסטיני עלה מחבל,1
סוף סוף פעולה הכי נכונה .מחבל מרים אבן יקבל כדור בראש . לא ברגליים ולא בין הרגליים שיישב בכלא על חשבוננו .,0
אם יתחילו לחקור את השוטר על זה וישימו אותו בכלא לפי דעתי כל מי שחייל ושוטר שלא יחזרו לבסיסים שלהם עד שלא ישחררו אותי ונראה איך הם יסתדרו בלי החיילים והשוטרים שלנו מדינה של שמאלנים זונות,0
"מישהו צריך לברך את השוטר מג""ב הזה שרק דאג לבטחונו האישי",0
פעל כראוי כל הכבוד,0
לייק,0
כל הכבוד פחות מחבל פחות זרע העמלק שהיה משריץ עוד מחבלים לעולם..כלב בן כלב,0
טוב מאוד,0
אני כועס על משטרת ישראל עד שיש היזדמנות לירות בערבי ועוד בבית עלמין. נו באמת מה רק אחד!,1
אך האירוניה,0
כל הכבוד לשוטר תמשיך לצלוף בהם.,0
טוב מאד ככה צריך להיות,0
יישר כוח גגבבררר,0
מזל טוב חייל.צלש ותעודת הוקרה צריך לקבל.,0
"לא צריך לחלק צל""ש חופשי. הוא עשה את העבודה שלו",0
מגיעעעעעעעעעעעעעעעעעעעעעעעעע,0
וואו איזו תקשורת מסריחה..אני בשוק..כל הכבוד לשוטר!,0
"יותר קל""ב מזה לא יכול להיות ,כן ירבו כמוהו......",0
טוב מאוד כל הכבוד לחייל ככה צריך להתנהג הם חיות לא רואים בעיניים הקם להורגך השכם להורגו.,0
כל הכבוד לו!!!!!!!!!!,0
כל הכבוד,0
כל הכיבוד יש אישור קבורה במיידי,0
כנראה שהגיע לו,0
כל הכבוד לשוטר...,0
זה לא נורא יבורך איש מגב.,0
"לא נורא, יש עוד הרבה דגים (פלסתינים) שצריך לדוג אותם מהים הישר למחבט",0
הוא יכול לירות גם בפרוד שלי???,0
שבח,0
לא אמור להיות כאן,0
"""שב""ח ניסה לדקור שוטר ונורה..חייו של השוטר ניצלו בזכות תושייתו..""אחר כך אתם מתפלאים שאומרים עליכם שאתם שמאלנים קיצוניים וכל הכתבות שלכם מגמתיות.",0
נו יפה..השוטר פעל נכון...יפה מאוד!,1
"שוטר ירה בשב""ח כל הכבוד לשוטר צריך לקבל דרגה יותר גבוהה",1
"על כל פלסטיני שהורגים צריך לתת פרס כספי בסך 10000 ש""ח + סופ""ש בחול הכול כלול..",1
כל הכבוד!! חייל תותח כן ירבו...,0
מחבל,1
אש על הגולשששש.....,0
כל הכבוד.אין אין להם מקום פה בארץ תתעוררו.גם כך המדינה המטומטמת הזאת נתנה להם תעודות זהות כחולות.יאלה המקום שלהם לא איתהו לסלק אותם.,0
בנו זונה,1
טוב מאוד,0
"ככה יעשה למי שרוצה לפגוע בחייל/שוטר,",0
אני בתור מגבניק לשעבר בטואח שלא סתם בלי סיבה פתח באש!,0
כבוד,0
משטרה מלשינים מניאקים,1
עוד שבוע נשמע שהוא קיבל פרס ישראל או משהו,0
בול פגיעה... חחחחח,0
"""הבא להורגך השכם להורגו""",0
כל הכבוד לו מוות לערבים ולשמלאנים !!!,0
ניסים קורים יום יום! תודה לך ה',0
"רצח רצח רצח והוא אףרק רצה להביא אוכל הביתה. אבל ממתי מג""בניקים צמאי דם מקפידים על הוראות פתיחה באש",1
מוסא אבו אבו!!! הבן זונה זה הפלסטיני שרצה לדקור את השוטר!!!!וטוב מאוד שהוא מת!!! וכל פלסטיני מנייאק שירצה לפגוע ביהודי ימות אמן הןא וכל משפחתו.!!!!!!,1
"כל הכבוד צל""ש מגיע לחייל מג""ב",0
זה סופו של כל בלון!!!לפוצץ למען יראו ויראו!,0
טוב מאוד,0
אם הרג אותו סתם ללא סיבה ..אז שימות הוא והמשפחה שלו ..אנחנו יודעים מי מתגייס למג׳ב בד׳כ,0
גבר גבר מחבלים רק ככה מבינים .בכח הזרוע. הבא להורגך השכם להורגו,0
"השוטר מג""ב בסדר זה מה שחשוב",0
הנני תקווה שהאצבע אינה קלה על ההדק !! ושבאמת הייתה סכנת חיים בל נשכח את הנאמר שופך דם האדם באדם...כל אדם במשמע ואפילו אויבך!!!,0
"עם השופטים קבעו שזה לא טרור,אז למה אתם בכותרת קוראים לו מחבל?🤔",1
מעניין עם זה היה ערבי מחבל הייתה כותרת גם,1
וואלה אכבר ימח שמכם,0
צדקו השופטים!!לא טרור אלא הגנה על אזרחנו. אולי מאלו היה יוצא מפגע .הקדים תרופה למכה .,0
הוא צריך לקבל אות הןקרה,0
"עכשיו זה מחבל... כשאלה פלסטינים רוצחים בחירת המילים היא קצת שונה (צעיר, נער, בחור)",1
לא ייאמן זה אמיתי ??? סוף סוף קצת היגיון !!!,0
חשבתי שהשופטים 0מולנים,0
הוא לא מחבל הוא איש חביב יקר ואהוב !!!!,0
הוא רצח אנשים חפים מפשע הוא מחבל לכל דבר,1
לשחרר מייד,0
בעיניי זה לא טרור,0
עמוד של אנטישמים,0
עמוד של שרמוטות שמולאנים מסריחים,1
טוב שלא צירפתם התנצלות בפוסט...,0
אמא שלכם מחבל,1
"אם הייתי עמי, הייתי תובעת אתכם. בית המשפט החליט שהוא לא ביצע מעשה טרור, אז למה לכנות אותו מחבל?",0
״וואללה ואכבר״ זה הכותרת הכי מתאימה להם כאתר חדשות,1
"""מחבל"" ""רצח"" הוא לא ""צעיר""???מה קרה אתם משתמשים במילים האלה כי הוא יהודי??צבועים שמאלנים זבללל",1
המחבל עמי פופר? הבן אדם עבר אונס עוד מול אנשים שצופים המרחק בין מחבל לזה הוא גדול,1
למה מחבל למה לדבר ככה בנאדם חכם מאוד וצדיק,0
יש לכם מזל שאנחנו מדינת חוק כי מיי שיושב באתר שלכם במדינה כמו אירן שאתם בוגדים במדינה היתם נשחתים,0
אחלה עמיאוהביםםםםם,0
קוראים לזה רצח שזה יהודי Ori Biton,1
"מחבל. בושה שהוא קורא לעצמו יהודי דתי ושם כיפה.הוא רצח אנשים חפים מפשע,אף אחד לא פגע בו או אנס אותו,סתם רצח כי הם ערבים. 'אל תרצח'",1
הוא לא מחבל,0
לא חשוב מא קבעו שופטי הארץ העיקר מה יקבע השופט הקביר,0
״מחבל״,1
זה לא טרור זה מצווה 👍,0
"נקמה ופעולת טרור זה שתי מקרים שונים. אתר מלקק של מחבלים פלסטינים. תסגרו את האתר שלכם תומכי מחבלים, ותעברו לעזה או רמאללה. בוגדים",1
להרוג מחבלים זה לא רצח ולא נחשב כמחבל!! יהזויים,0
אם השופטים החליטו שהוא לא מואשם בטרור אז למה אתםםםםםם מכנים אותו מחבלללללל! ישרמוטות,0
רצח 7 אנשים + את אשתו ובנוסך הכל 9 אנשיםוקיבל רק 40 שנה? מישהו שם בכלל ביצע הערכת מסוכנות לציבור? מה נסגר עם מערכת במשפט?!,0
איך זה כזה ישראלי אז הוא מחבל אבל כשזה הפוך זה רק ״צעיר״ וכמובן שהוא לא רצח הוא הרג וכנראה בשוגג וכנראה לא על רקע לאומני..אתם צבועים. פשוט בושה!,0
עמוד של שמאלניים מזדיינים,1
"אילו היתם יודעים את האמת ,רק קשקשת ברשת , הסיפור הזה זכור לי מאוד.",0
אצלנו שופטים וכולאים. ואצלכם רוצחים מחלקים עוגות.,0
בושה לימין שרוצחים עלובים אלה הגיבורים שלכם,1
וואלהאכבר#טרור עיתונאי כמדובר בערבים זה צעירים שנלחמים על חופש ופה מדובר במחבל אין לכם גבולות,0
מלך ישראל עמי פופר,0
ווואוווווו רצח!? השופטים קבעו שלא!!!!! אז איך מערכת וואלה החליטה שכן?,0
ברוך ה׳,0
זה רוצח זה תיתביישו לכם.זה גיבור ישראל אתם בושה יאתר של שמאלנים,1
איזה כיףףףף שהרג אותם,1
רק 7 🤣,1
כל הכבוד לו שרק ימשיך !,0
פתאום מחבל?????לא נער אולי?,0
עמי הגבר אוהבים אותך,0
לא הבנתי אם זה לא טרור איך כתוב המחבל?,0
וואלה אתם המחבליםוהוא הגבר,0
גם אני מורידה עוקב.מי מצטרף?!,0
כול הכבוד👏👏,0
"אה שזה יהודי רושמים ""מחבל"" ?",0
גיבור ישראל,0
אשרייך,0
הרב עמי פופר צדיק,0
אתם מחבלים עמי פופר צגיק,0
אתם מחבלים יותר ממנו,1
ואיזה שרמוטות זונות העיתון הזה כי אם היה מחבל רוצח יהודים היו רושמים עקב הכיבוש והעוני ואין מילה כזאת פלסטין כמו שאיו מדינה כזאת תפנימו הרג 7 מוסלמים שונאי ישראל עיתון שמאלני זבל,1
מחבל אמא שלכם יבוגדים,1
טוב מאוד.,0
לא מחבל לא טרוריסט ואללה הפעם צודקים,0
״מחבל״?! לא התקשורת שלנו הזויה ברמות!.,0
ממש לא מחבל ולא טרור קחו דוגמא ממנו ותצדיעו לו שירבו עוד אלפים כמוהו אלוך ושכל השמאלנים יפה נפש תתפוצצו סוף סוף בית המשפט העלוב במדינה הזאת עשה צדק !,0
"רצח וטרור יהודי! אין מה להסתיר, אנחנו לא צחים כשלג! גם טרור יהודי זה מושג בימינו!",0
צדיק,0
תשקורת שמאלנית!!!,1
זה היה א מצווהב נקמהג בגלל שני הנ''ל זה לא טירור.,0
אם הייתם בודקים את המקרה כמו אתר חדשות רציני לא הייתם כותבים כזאת כותרת מטעה ושקרית,0
עוכרי ישראל חלאות אדם שמאלנים מנאייק,1
"איכס אני לא מאמינה שאני משרתת בצבא שמגן על אנשים כמוכם, אתם פשוט ביזיון",1
אם היה הפוךצעיר רצח שבע יהודים...,0
מתי שטוב להם אומרים מחבל עלק מחבל זה יהודי צדיק שעשה מלאכת קודש,0
"נקבע שלא טרור לכן רוצח ולא מחבל , מה אפשר לצפות מוואלה ? אתר סוג ז׳",1
ה' יחזק אותו בעזרת השם שחרור מוקדם,0
אז יבני שרמוטות קבעו שזה לא טרור אז למה לירשום מחבל יכאחבות והעיקר שאם זה היה ערבי שהרג 100 יהודים תיגידו שהוא פלסטינאי מדוכא,1
חדשות של מחבלים אתם לא פחות מזה שונאי ישראל,0
מלך,0
שהשמאל ירגישו מה אנחנו מרגישים בהרבה פסיקות נגד מחבלים ערבים,0
מסכן עבר אונס בילדות שגרם לו להיכנס למצב נפשי קשה אנשים אתם עוד נגד הרוצח לכול המתייפייפים שימו את עצמכם בנעליו הוא לא היה כשיראבל עדיף שימותו 10000000000000000 מאשר יהודי אחד,1
אם זה מחבל מה אתם?,0
יש שופטים בירושלים,0
בדרך לבחירות חמישיות,0
היידה בן גביר . אתה מזה חייב להיות בממשלה לסתום להם פיות במיוחד לאיש הפח.,1
תותח🔥,0
כשהם משתפים אמירות שלך זה אומר שהם מפחדים ושאתה בכיוון הנכון חזק ואמץ 👏,0
איש חסד ואמת אתה ❤️,0
רק בן גביר והחרדים יצילו את מדינת היהודים,0
"טוב מאוד, היידה בואו נסתער",0
לפיד = מחבל,1
אם זה התנאי אז אבחר באיתמר בן גביר !!! מצא חן בעיני חחחח העיקר לדפוק את האנאלפבית יאיר לפיד ....,0
איתמר בן גביר הפעם אתה בטוח נכנס ויש מצב שתגיע לשמונה מנדטים.,0
חוק חזק וטוב,0
רק בן גביר,0
לא סובל את ביבי איש השמאל אבל על שוקולדים וסיקור אוהד לא צריך להיות משפט.בן גביר צדק !,0
אני תומך ביבי טך גם מאוד רוצה לראות אותך בממשלה שלנו בתור שר משפטים.,0
החוק צריך להיות בארץ כמו בצרפת אחרי שיסיים את הכהונה. שיתחילו עם המשפט נקודה בלי קשר לזה שהוא זכאיואלה משפטי ראוה לא יותר,0
קדימה בן גביר כולם מאחוריך 7 מנדטים בעזרת ה׳,0
בן גביר עולה עליך ב 555 רמות,1
"תמשיכו לבחור,אני עפתי מהמקום המסריח והמכוער הזה, תפו על ה120 פיגס",1
כל הכבוד לו ככה צריך להיות !,0
לפיד לוקח קולות מהשמאל בלבד,0
איתמר בן גביר בכל הפוסט לא ענית על השאלה: האם באמת התנאי שלך לכניסה לממשלה הוא חוק חסינות שיכול לעצור את משפט נתניהו?,0
יפה שאתה מגן על ביביהאם אתה מודע לכך שאתה מגן על אדם שלא נכח בהצבעה על חזקת הגיל הרךראש ממשלה ששתק כאשראבא גרוש תלה את עצמו במחלף אולגה באמצע היוםואין לך שום דבר לומר לו בענייןהעיקר אתה מצפה שאבות גרושים יצביעו לך ולימיןאז אם זה נראה כמו ברווז ונשמע כמו ברווז אז זה ברווזאו יותר נכון לומר שזה בסדר מבחינתך שאבות ימשיכו לתלות את עצמם העיקר שביבי יהיה בשלטוןאז צר לי איתמר בן גביר אבל אם לא הבנת לא רק שאתה מרחיק אבות מצביעי ימין מלהצביע ימיןושמאל הרי הם לא יצביעואז כל שנותר כאשר כל המפלגות היהודיות זורקות אותנו לכלביםהוא לתת את קולנו למשותפת ....כי לפחות יש להם משותפתושתדע שעדיף זכויות של ערבי על זכויות של אבא יהודי גרושולתפארת מדינת ישראל,0
"תן להם להתפוצץבשניה שיש לנו 61 לימין , להתחיל לחוקק חוקים נגד כל האפסים ששולטים בנו",1
אני חושב בתור התחלה לבעיית פלישות לאדמות מדינה /בניה לא חוקית על אדמות מדינה אז שהמדינה תחייב את הפולשים דמי שכירות גבוהים על השטח.ויוכלו לקזז קצבאות ביטוח לאומי.,0
בו גביר גדול יאיר הביתה,0
"הוא משתין במכנסיו מפחד. חחחחחחחחחחחח מי יכול עליכם בן גביר ונתניהו? הרי השמאל יודעים טוב מאוד, שאם אתה עם נתניהו בממשלה, הלכה להם ההזדמנות להרוס את המדינה. אני מחזקת אותך בן גביר היקר. ואני מבטיחה לך.... חלק מחבריי בוחרים נתניהו וחלק בוחרים לך. כדי שתצליחו ואתה תביא את המנדט ה-61 לליכוד. אמן ותצליחו <3",1
בבחירות האלה אצביע לציונות הדתית עם סמוטריץ רוטמן..ובן גביר.. כדי להשפיע על ביבי מימין ולהכריח אותו לבצע את מה שהבטיח ומעולם לא ביצע..1. ניטרול דיקטטורת חונטת הפקידונים הסמולנים במשרדי הממשלה.שגם צדה אותו ומשפחתו..שהשתלטה על השלטון.. במקום הממשלה הנבחרת..ומנסה לכפות עלינו את משנתם האובדנית והמעוותת..2. השבת מסתנני העבודה הביתה..שהפכה חיי רבים לגהנום..3. מלחמה טוטאלית בפשיעה הלאומנית.. ובמחבלים והרחקתם מישראל שבין הים לנהר.ועוד..ועוד.לכן אצביע למפלגת הציונות הדתית.ימין ישר ..ערכי..אמיתי פטריוט ואוהב ישראל בלי טריקים ושקרים..פשוט. ט בקלפי.,0
"אתה בעד חוק חסינות לנתניהו? אגב, לידיעתך (בטוח שאתה יודע) נתניהו ממש לא ימין ואם הוא כן תספר את זה לכל הנרצחים שמשפחותיהם רואים את הבני עוולות מחייכים מהכלא ומקבלים שכר, אוכל ותואר.",0
חסינות לביבי??? הפסדת את הקול שלי בכל אופן,0
רק הבן של הגביר יעזור לנו כי כהנא צדק,0
רק ביבי ביבי,0
רק בן גביר!,0
"ב-י""א בניסן (יום הולדת שהרבי מילוובביץ') הם יבינו שמעט מהאור יכול לדחות הרבה מהחושך.",0
"הזוי שאה מעמיד את זה כתנאי לכניסה לממשלה. מציע לך להירגע, כי אחרת ליכודניקים ששוקלים להצביע לך (ואני ביניהם) ישקלו שוב לשלילה.",0
הייתי מגיב לו אבל הוא חסם אותי ועוד עשרות אנשים שאני מכיר. ליברל כזה לא מוצאים כל יום,0
רק בן גביר,0
אין עליך איתמר האלוףנאמנים לדרך מצביעים ט בקלפי❤️,0
"האם זה נכון שזה באמת התנאי שלך להיכנס לקואליציה ? אם כן אז עצוב מאוד. אגב,מה יש לך מביבי? ימין הוא בטוח לא.",0
ממשלת יאיר אסון למדינה,0
"שקר גס, הכל אתם קושרים במשפט נתניהו,תיקים תפורים אבל הצדק ינצח",0
לפיד אתה כלום,0
רק ביבי,0
אין עתיד עם יש עתיד ! לפיד הוא שרלטן. גדול השקרנים שהיו בכנסת ישראל מאז ומעולם. איש ריק מתוכן. פלקט בחירות וזהו.,1
"הידע והעקרונות של לפיד מסתכמים בארבע מילים. ""מה שנתניהו אמר... הפוך""",0
"בושה וחרפה שמנהיג השמאל הרדיקליהוא איש חסר השכלה ידע בסיסי החוברלרשימת בל""ד השוללת קיום העם היהודי כמדינה יהודית רק בשביל כסא ובצע כסף מוכנים אנשי השמאל הבזויים לתת המדינה לגויים",0
חחחחח בחיים יאיר לפיד לא היה משכנע כל כך.,0
"בן גביר אתה אלוף.אבל ואבל גדול לדעתי אתה עושה טעות ענקית בתור טירון בפוליטיקה בתמיכה האבסולוטית שלך בנתניהו ובייחוד בליכוד.זאת טעות טקטית ממדרגה ראשונה נתניהו מרגיש ויודע כך שאתה בכיס שלו, במקום זאת צריך לתקוף את נתניהו על מגיניותו הרופסת ונטייתו לשמאל בכל המישורים.",0
היה צפוי שתהיו בובות של ביבי .. חבל . היה לכם פוטנציאל אדיר. רק בנט בכל אופן🔥,0
רק בן גביר,0
איתמר ביבי זה השמאל .!,0
"בן גביר, ממתי נהפכת לשמאלני?יש מצב שהתבלבלת וכבר אינך זוכר איך אמור להתנהל ראש ממשלת ימין? 🤔נתניהו זה לא ימין! ☝🏻",0
מסוכן לת חסינות לאנשים שהם יכולים לעשות דברים גרועים ולפגוע בעם היהודי.,0
"לא צריך חוק חסינות,התיקים ההתפורים מתפוררים",0
נו הכי טוב,0
עוד לא הבנתי מה זה העיגול הכתום הדבילי שיהיר לפיד דוחף בכל מקום,0
איתמר העם איתך,0
אנחנו איתך 🦾,0
"איתמר בן גביר אתה רואה שביבי לא רוצה אותך בכנסת ואתה עוד מגן עליו? שילך לחפש ויתמודד עם המשפט שלו לבד. כבר אין מילים, אתה מגן עליו והוא עוד יוצא עלייך. אז בבקשה די ללקק לו ולהגן עליו כי זה עוד יוריד לך מנדטים לצערי.",0
"להרים את דגל האבות והפגיעה בגברים וילדים.להרים את דגל בתי המשפט, יש המון נפגעים, המון מתאבדים, המון בחורים שיושבים בבית סוהר על תלונות שוא, מזונות..תלונות שוא נהפך לסטארטאפ מצליח.זה הזמן לאסוף בוחרים שמחפשים בית להרס החיים והמשפחה שלהם.",0
אם לא תצהירו הצהרות מפורשות על ההתעללות של בתי המשפט באבות וגברים .לא תעברו את אחוז החסימה כמו בבחירות הקודמות,0
רק מרצ,0
אתה חושב שההצמדות שלך לנתניהו עושה לך טוב? גם מי שחולק את האידיאולוגיה שלך מעדיף מועמד ראוי ולא מושחת מהימין. אתה וסמוטריץ יןרים לעצמכם ברגל ויורקים על כך הימנים כשאתם נצמדים לשמאלן המושחת מבלפור.רק בגלל שקוראים לזה ליכוד לא אומר שזה ימין!,0
ואתה לפיד ? בולם כל אפשרות לקידום טובתה של המדינה,0
השרץ מבלפור וחבורת הזבל סביבו חייבים לעוף,1
אני איתך,0
יש עתיד בחילה התכוונת יהיר לפיד....,1
רק בן גביר,0
רק בן גביר 💪🇮🇱,0
איתמר כל הכבוד אתה לומד מהטובים ביותרכל מה שאריה דרעי אומר אתה רושם בפייסבוקתמשיך ללמוד זה חשוב,0
רק בן גביר בקלפי📣📣📣📣📣📣📣📣,0
הוא צודק צריך חסינות מהאשמות ההזויות שטופלים עליו,0
"לא יודע אם זה נכון, אבל חסינות לנתניהו היא הדבר האחרון שאנחנו צריכים פה במדינה. יש הרבה דברים אחרים שצריך להתעקש עליהם הרבה לפני חסינות לנתניהו. בוא נתחיל עם פיצול תפקיד היועמ""ש.. אה, בעצם ביבי מתנגד לזה.",0
עדיף בן גביר ליצמן וביבי ...מאשר יש עתיד שבעצם אין עתיד בכלל,0
הדר יואלמן איך שרית חדד אומרת?רק אתה רק אתההההה,0
"אנחנו איתך על אמת, עם יהיר הולכים השקר,",0
רק ט בקלפי תנו לבן גביר כח,0
זה שאין לך בעיה לתמוך באיש הכי מושחת שאי פעם כיהן כאן כראש ממשלה מראה שאין לך תורה ואין לך ערכים.אפס היית ואפס תישאר אם תתמוך ברשע עם הארץ נתניהו !!!,1
"וואלה אכזבת. אחרי כל השנים שאתה מנסה להיכנס, בזה אתה מתעסק? גם אתה הופך להיות הסמרטוט של הטמבל מבלפור? אין תקווה לימין הדפוק שאתם מנסים לייצר פה. בוא תסביר לנו מה המושחת עשה עבור מי שאתה מתיימר לייצג שאתה כל כך מנסה להיחלץ לעזרתו.בלתי נתפס שגם בך הוא ישתמש כמו בנייר טואלט.אולי באמת הגיע הזמן להצביע למפלגות שלא יישבו עם הקרימינל מבלפור כדי שסוף סוף נגדל דור ימני חדש בפוליטיקה.מביך.",1
לפיד אתה מוגן מהפרקליטות היית אצל מילצן ולא נפתחה לך חקירה! ישראל היום! כי אתה במד השמאלי! לא ניתן להוריד ראש ממשלה הטוב ביותר עי פקיד! לפיד תשאל את אבא טומי! זה מה שאמר! אף פעם לא יוריד ראש ממשלה! לכן יש חקיקה!,0
תותח על בן גביר,0
אדון לפיד אני מוכן שהעז שלי תהיה ראש ממשלה ולו אתה וחבר המערצים שהולכים למך עבדלה ללכלך על העם הבנתה בוגד בושה שאתה ביכלל מציג עצמך לבחירות אתה צריך להיות עצור או מיחוץ למישחק הפולטי בושה,1
כל עוד שלא יצאת נגד כפיית החיסונים והסלקציה אתם מאבדים קולות. חבל שמה שקרוב לליבך אתה פועל נגד בהצלחה מרובה אבל זכויות אדם בסיסיות לא מספיק חשובות,0
ביבי הוא איש שמאול אוייב הימין ואתה תומך בפושע ביבי לא רוצה אותך הוא אמר את זה בכמה שפות עם לא אתה אז מנסור עבאס ביבי הוא אוייב בוגד פחדן פוחד פחד כלא ,1
עוד סוג של דיקטטור קטן .זה האיש שיהרוס את הדמוקרטיה,0
"אם אתה באמת מאמין שהמשפט זה תיקים תפורים והוא יצא זכאי, אז תנו לזה לקרות כבר ונסיים עם השטות הזאת. זה שאתה מנסה להפסיק את התהליך הזה אתה רק משחק לידיים של כל מי ששונא אותו כי חושבים שיש לו מה להסתיר. לא עדיף להתמקד בדברים אחרים שישיגו לך קולות?",0
סמרטוט אם אתה נבחר לכנסת אני מסטיח לרדת סופית מהארץ איך זבל כמוך בכלל מתמודד ??? הזוי,1
האם זה נכון שהורדת את תמונתו של הרב כהנה ז''ל?אם כן עלייך להתבייש,0
אם זה נכון אכזבת !! זה אומר שהוא סירס אותך עוד לפני שנכנסת לכנסת !,0
אבל לפיד היה בעד החוק הצרפתי ודחף את זה בכל הכח.למה אתה לא מזכיר לו את זה.הוא בעצמו אמר שהם ישתלטו על המדינה.הוא בעצמו אמר שלא יתכן שפקיד יפיל פאקינג ראש ממשלה ניבחר וממשלה ניבחרת.אתה בסך הכל זורם איתו בקטע הזה.איתמר.היית שם את הטור שלו בידיעות שהוא היה בעד חוק צרפתי ונגד הפרקליטות.,0
למה לפיד הרדים דרך התקשורת את הסיפור של מאיר כהן ???חייבים להציף את זה עכשיו ..דורון נתן ביטון,0
ערב טוב ושבת שלום חבל לזרוק שטות ממש לפני הבחירות צריך להתמקד במצע שלנו ולא במשפט נתניהו,0
"שיהיה ברור.אם לא יהיו הכרזות בעד אבות גרושים ונגד התופעה של תלונות השוא נגד גברים וגם בנושא של תקנה 2.5 .הצהרות ברורות, אפילו מראית עין.לא אבחר באף מפלגה.שופטים נמאסתם !!",0
��💛💛💛💛💙💙💙💙💙💙💙מגיל 18 אני בוחר ליכוד!!!!!הפעם לא רק אני אלא המשפחה הרחבה שלי בוחרת בך‼️‼️‼️‼️‼️💙💙💙💙💙💛💛💛💛💛,0
וואו אלופים גאים בכם!שימרו על עצמכם מרגש מאד וגאווה לכולנו❤🏆,0
הם לא יהודים איך אתה מפרגן?,1
במילה אחת כל מה שמעניין אותם זה ** סלאח**,1
ערבים מתגייסים?!,1
מרגש,0
שיעשו צבא או שירות לאומי הם חיים פה בזכות חיילי צבא הגנה לישראל כי אם לא הצבא כולנו היינו מושלכים לים,0
אלופי עולם🇮🇱❤,0
"הכול חינוך חברים צריך לגדול במקום הנכון עם אהבה ולא שנאה , ""אור לגויים"" .. דרך אגב זה דווקא השמאל אשם לא אף אחד אחר במקום לקרב הם מרחיקים ..גם הערבים צריכים לצאת מהכפר ולהתקדם",0
מרגש,0
ערבים/מוסלמים?לקחת חומר מיוחד היום?,1
ראיתי את הכתבה בחדשות.וישר ידעתי שהם לא גדלו עם ערבים לפי הדיבור שלהם .הם לא אמרו את בסרט את זה..ויכול להיות שאמא שלהם יהודיה . ואבא מוסלמי.בסוף הכתבה אחד מהם אמר טוב שאמא שלנו שלחה אותנו לגן ילדים של יהודים.(יכול להיות שאמרו להם בכוונה לא להגיד שאמא שלהם יהודיה)..,0
יישר כוח זה אזרחים שווים כל הכבוד,0
"עם הזמן מתחילים להבין בני דודנו כמה טוב במדינה ורוצים לתרום את חלקם והם יודעים שחמאס ואירגוני הטרור זה רע ולא מביא חיים טובים ובנתיים עוד לא ראיתי דרוזי או ערבי שהתגייס לצה""ל ויצא בוגד או עשה טעות",0
כל הכבוד,0
תאומים שהיו איתי בפנימיה אוהב אותך וגאה בכם!,0
"וזה טוב???? 🤔 אני בספק! לאור כל הקרנות האנטישמיות שחדרו לכל מקום אפשרי ופוררו אותו מבפנים, למרות שהתמונה היא אשלייה מתוקה, סליחה, אבל אין לי אמון בהם....",0
לא קונה את זה מעדיף אותם בסעודיה.. לא תודה,1
כל הכבוד חיילים יקרים השם ישמור אותכם,0
הדרך הנכונה להתקדם בחיים,0
ככה מביאים את הגאולה,0
"שה"" יברך אתכם אנחנו גאים בכם...",0
אין אמונה בהם,1
כול הכבוד לראות ולא להאמין 👏👏👏👏,0
מלכים...תבורכו,0
כל.הכבוד מרגש והלוואי שיצליחו ויתנו דוגמא לאחרים,0
"אמת ויציב אילן כדר היקר כל הכבוד להם השם ישמור אותם ואת כל חיילי צה""ל ומשמר הגבול וכוחות הביטחון אמן ואמן",0
כל הכבוד אתם דוגמא הכיי טובה שאפשר לחיות בשלום,0
"כל הכבוד, שירות נעים.😀😀😀",0
"כן ירבו כאלה ויהיה שלום אמן ""כבדהו וחשדהו"" הפחד הגדול רק שאלו לא יהיו המרגלים ובוגדים כמו שמאלנים אין בהם אמונה",0
ברוכים הבאים❤️,0
"וואו. כל הכבוד בה ישמור אותם יחד עם כל חיילי צה""ל",0
תהיו בריאם בהצלחה,0
כל הכבוד להם שהם יראו שאפשר אחרת. כבוד לאחים.,0
תותחים ❣,0
גאים בכם,0
הם הומאים הישראלים 90 אחוז מהם הומאים חחחח,1
פחד אלוהים רק זה חסר לנו רוקחים רופאים ועכשיו גם חיילים טפי כוס עמק,1
כבוד 👏👏👏,0
מרגש מאוד,0
סיפור מדהים! שני אלופים ואמא אחת תותחית שמגבה אותם!! כל הכבוד לצהל שנתן להם הזדמנות וכך ניצלו מהרחוב והפשע. שיצליחו אמן!!,0
איזה מלכים !!,0
"אנשים יקרים, שאפו, הרבה הצלחה!",0
ילדים טובים ומוצלחים הכל כנראה בזכות החינוך של האמא שלהם 👍👌,0
"יש לציין גם,שהערבי שניסה לדקור בבית חולים תל השומר ולאחר מכן ירו בו המאבטחים ומת, אמר לאביו שאם ימות הוא רוצה שאיבריו יתרמו וכך אביו עשה .. וברור שהאיברים גם יצילו יהודים .כל הכבוד לו ולאביו על המהלך הזה .בלי קשר לכך שניסה לדקור או גם לרצוח",0
הפוסט אמיתי?,0
"חיילים ממזרח ירושלים.. לומדים להשתמש באמל""ח..",0
"אלופים!!! עלו והצליחו, השמיים הם הגבול",0
כל הכבוד,0
מלך,0
כל הכבוד גאה בכם בהצלחה ותחזרו בשלום הביתה,0
גאים בזה שהדרכנו אותו !!!!Lihi Saft,0
כל הכבוד 👍👍,0
"סורי, עם כול הטרור והצרות שהפלסטינים עוללו לישראל קשה מאוד יהיה לתת בהם אמון .ואם יש כאלה שבאמת רוצים לתרום למדינה,שיעשו 3 שנים שרות לאומי וזה יהיה מבורך.",1
כל הכבוד לכם ישר כוח,0
מקווה שהמדינה תדע לפרגן להם כמו שצריך.,0
כל הכבוד!דרוש לכך אומץ רב,0
תגדלו בראש מורם עתידכם בטוח 🌹,0
דוגמא למופת וגאווה ישראלית.. עם ישראל חי !! ורק ככה נביא את השלום! חזק ואמץ גיבורים💪🏽💥,0
גיבורים אלהים ישמור אותם.,0
כל הכבוד אלופים !!,0
כל הכבוד לא קל לכם ישר כוח,0
חזק וברוך,0
בהצלחה,0
ממש מעורר שימחה והלוואי וירבו כמוכם אתם הדוגמא לכך שאפשר גם אחרת מסיר בפניכם את הכובע ושימרו על עצמכם חיילים יקרים שכמותכם!!!!,0
לא יאומןןןן,0
"וואו ,מדהימים",0
תבורכו .הצלחה בכול מעשה ידיכם.,0
חכמים !,0
מרגש מאד כן ירבו כל הכבוד אני מצדיע,0
שתי אלופים באמת קצת נותנים תקווה !! איזה כוח רצון להשתלב לשרת ולתת כמו כולם מכל הלב כן ירבו כמו השתיים האלו 👏🏻🇮🇱💪🏻,0
"אמיצים, חכמים ופטריוטים 👏",0
הצבא שלנו זה צבא העם!הם הבינו שהם בדרך הטובה והנכונהאין על החיילים שלנו❤,0
"הם לא הראשונים ולא האחרונים שעושים את זה. לשמחתנו רואים עליה משנה לשנה של ערבים שמתגייסים לצבא. אני מכיר מישהו ממזרח ירושלים שעשה צבא ועוד מישהו מכפר בצפון. ערבים מוסלמים, לא בדואים או דרוזים או נוצרים. רוצים להיות חלק מישראל אז למה לא, בכיף.",0
כל הכבוד. הם מעריכים את הארץ שהם חיים בה👍👍👍🌺💐🌼🌸🌻,0
כל הכבוד תבורכו,0
כול הכבוד 👏👏👏👏,0
אחים לנשק,1
"מדינת חלם..חכו שאיזה דוד שלהם יפגע באיזו פעילות מבצעית..ואז תראו כמה יהודים ירצחו עם הנשקים האלה שקיבלו מצה""ל..",1
כולם יודעים את האמת.. יש שבחרו באמתושאפו גדול.....אין ספק שיש בניהם אנשים מדהימיםואת זה רואים על האחים התאומים,0
מרגש מאוד ילדים אלופים פרגון מלא ואהבה גדולה ממש גרמתם לי לבכות 💜 גולני מזה מגניב☮️💜🎼🎶♾🍀,0
כל הכבוד הלוואי שיהיו הרבה שחושבים כך,0
מי צריך מוסלמים בצבא,1
מי צריך מוסלמים בצבא שלנו...איבדתם את זה לגמרי,1
תודה רבה לכולם ושבוע מבורך עם ישראל ❤️🙏🏻,0
וואוווו אלופים👍👍👍,0
כל הזמן ששולחים סקרים ממלאים ההפך הגמור ממה שמצביעים נותנים להם לחיות באשליה ובסוף לא יעבור את אחוז החסימה,0
אבל בתמיכת מנסור עבאס...?...זה לגיטימי כן...,0
תמיד היה בעם שלנו סדיסטים,0
לא שפוייםםםם,1
איך בן אדם כזה יושב בכנסת ישראל,1
לא מאמינה בארץ אחרת יו מי הוא בכלל הרימו לו את הראש,0
לא יקרה ...,0
הצל בשיא טיפשותו. אם ביבי יזדקק לרשימה של מנסור עבאס כדי שיתן קולו להקמת ממשלה הוא יפסול אותו??זה מראה כמה אתה 0000000,0
"כמה צביעות, לקחת אותם לעבודה בבית כן, לאכול אצלהם כן, לתת להם לטפל בנו בבתי החולים כן, אבל לתת להם... זה לא",0
השמאלים שווים לשכנים שלנו😁,1
הם בונים את הגרפים האלה לפי איך שבא להם סקר במשרדים שלהם הם יקבלו כאפה בבחירות האלה,0
גייס חמישי במיטבו..בוגד בחסות הדמוקרטיה,0
מה שהם יודעים לעשות זו הנדסת תודעה.אפסים,1
אני בהלם פשוט בושה,0
איזה מפחיד הרשימה המשותפת יושבת בממשלה. אלה שרוצים לחסל את העם היהודי תתעוררו,1
מפלגת פח הזבל,1
מנדלבליט מתי אתה מתאדה ???,0
מה חדש.....איפו שמנדבליט יכול להכניס מקלות בגלגלים הוא יהיה שם ....,0
נו ומי החזיר את כולם לחיים ? אם לא המלחמה של ביבי להביא את החיסונים .,0
אז ביבי תגיד הליכוד חוזרים לחיים,0
מה אם 6000 מתים,0
זה הדבר הכי חשוב בוער במדינה...דווקא כדי להעיף אותך וכל הפרקליטות המושחתת נצביע מחל ורק מחל. יימח שמו וזכרו המנדלבליט הזה,0
אז מה?משרד הבריאות זאת לא מפלגה,0
אין בעיה ... אז חזרנו לחיים בזכות ....,0
רק ביבי בגדול עכשיו בקלפי 😜🤪😜,0
מושחתיהו,0
מנדבליט: הליכוד צריך להפסיק לעשות שימוש בשפה העברית בשלטיםמנדבליט: הליכוד צריך להפסיק לעשות שימוש בשלטיםמנדבליט: הליכוד צריך להפסיק לעשות שימוש כלשהו מנדבליט: הליכוד צריך להפסיק להתקיים,0
רק ביבי.ורק חוזרים לחיים.,0
6008 מתים מקורונה אם הניהול לא היה כושל לאורך כל הדרך היינו עם מספר מתים קטן בהרבה אז יעני חוזרים לחיים חוץ מאלה שנפטרו מחדלים על גבי מחדלים,0
מנדבלבלוף....,0
מותר לדבר ?,0
מצ'עמם לו למנדלבליט ...מתחיל להיות שקוף מידיי!!,0
"צביקה, אני לרוב מסכימה איתך ואתה יודע זאת.אבל 6000 שמתו, הם לא רק בגלל הקורונה, אלה גם ממחלות אחרות שהמדינה מסתירה, וגם בגלל אנשים שאינם מוכנים להתחסן.",0
"לא נורא בכלל ,הסלוגן השתרש בכולם",0
שורף לו.,0
"חוזרים לחיים!! בזכות ראש ממשלתנו!!באירופה מסתכלים בקנאה על ההישג האדיר, מעל 5 מיליון מחוסנים",0
"נו באמת..?? זה מה שמעסיק את היועמ""ש?",0
מה עם המתים מר ביבי אפס איש רע ליהודים,1
מעל 6000 מתים חוזרים לחיים?,0
"מתי כבר הוא קובע שאסור להצביע ליכוד, וגומר עם זה?",0
"גם אותיות מחל בעייתי, נמצאות בשמו של היועץ המשפטי",0
גם ה-6000 שמתו מיועדים לחזור? כזומבים?לך כבר,0
מריח ליזול הזקן המרושע ?,1
"הפתאטיות של מתנגדי נתניהו מרקיעה שחקים.זאת גם הסיבה שבג""ץ יעשה הכל על מנת להתיר כניסה בלתי מבוקרת מנתב""ג בשם השאיפה להחמרת המגיפה והטלת האשמה, כרגיל, על נתניהו.שקופים שזה מביך.",0
חולה נפש מקוה שיפוטר,1
מתי מעיפים לפח אשפה הזה,1
ונהפוכו.,0
מה שלב הבא? לסגור את המפלגה וזהו?,0
אבל אני נשוי,0
מפלגת הליכוד הרקובה היא הפשע והרשע ותכלית השקר.,0
חוזרים לחיים בזכות בנימין נתניהו!! נפיץ את זה בכל הרשתות!! מי שואל אותך בכלל מנדלבליט מי???,0
איך כואב לווווו,0
שורף לוו קשות אמאלה,0
"אנחנו כבר נדאג להציף את הסלוגן עד שיחנק""פרשת משפטים בושה""",0
כל דקה מיותרת לפטר את המושחת עם הכיפה.,0
בוא מנדלבליט ראה את הפצת סלוגן !!,0
מנדל-בלאט... אתה כל כך הולך להיות מפוטר תוך חודש...יש משרות פנויות במקדונלדס ינעל ! 👎,1
מה השלב הבא? להורות לביבי לא לעקוף אותך בתור בסופר?,0
מי חוזר כל הרוגי הקורונה,0
מה זה מעניין אותו הבחירות זהו שלא מעניין אותורק לא ביבי היועץ דואג ליום שאחרי,0
רק מנדבליט מעמיד במקום את הנאשם .חזק ואמץ מנדבליט אנחנו מדינת חוק .,0
שמנדלבליט יתפוצץ.......חלאת אדם...,1
המןדלבליט מתפוצץ ומנסה לחבל בכל מה שקשור לליכוד עד מתי נשב בשקט,0
קשה להם בשמאלעם סלוגן שמשדר אופטימיות לאחר תקופהזוועההפאשיזם במיטבו,0
אחרי 6000 אנשים שמתו ...חוזרים לחיים זה עלבון למשפחות.,0
לא הבנתי המילים האילו שייכות למישהו,0
6000 לא חזרו לחיים. לך כבר……… נמאס ממך!!,0
"וכל מי שחשוב לו חופש ביטוי ואי שליטה של מערכת המשפט,חייב לשטף תמונה זו.",0
אשכרה המן דבליט,0
כאשר יענו אותו כן ירבה וכן יפרוץ ...,0
הרסת לנו את החיים לך לךךךךך יחיידק שכמותך,1
ביביסט מטורף,0
הרג אותנו,0
מנדלבליט יכול להחליט רק בתוך מעשיהו,0
נו באמת...🤦‍♀️,0
מי ישלם על הגירעון התקציב של המדינה ביבי שרה הבן של ביבי,0
שום דבר לא יחזיר את האלפים שמתו בגלל החלטות פוליטיות אינטרסנטיות של ביבי.,0
רק בזכותך!!!,0
חמוצים עלובים!,1
"פשוט מדהים, לדעתי צריך להחליף את היועץ הזה באחד קצת יותר שפוי, אי אפשר לפטר אותו?",0
"יש כאלה, שכבר לא יחזרו...... ״הצלחת״. לך",0
"כשתעוף מהעיניים שלנו, כולנו נחזור לחיים!",1
מנדלבליט יש לך שם של סנדלר,1
מת מקנאות הזבח,1
"הסלוגן שונה""לחוזרות לחיים""הגאון שלנו ביבי💯🥇👑❤🇮🇱",0
"ביבי חיסונים ביבי שלום ביבי כל העולם ביבי מתנה מבורא עולם לעולם ולעם ישראל זה בדוק...מלך אמיתי👑🏅❤🇮🇱🏆ביבי זה הכל....ביבי זה רק מח""ל",0
אני עדיין בטוח ב100%שזה תימני מראש העין,1
סובל רציני זה. הוא זוכר שהוא ערבי?,1
הלוואי שכול הערבים היו כמוך,0
רק אדיוט כמוך היה חסר אוי כמה אתה מלקקן יאללה פודלון קטן,1
כל הכבוד. רק ט'.,0
יפה,0
אים שכל אין דאגות 😂,0
נאמן יותר מכל האויבים ששנואים את ביבי.מקנאים לו.ביבי מנהיג מושלם תודה לך שאתה מסעודיה תומך ומעריץ את עם ישראל🌷🌷🌷✌,0
חמוד👍👍👍,0
וואיי יש לי ברברים בבטן,1
מהמם!,0
ברור שאהבל כזה יתמוך בבן גביר ... מה חשבתם שהוא יתמוך בנלסון מנדלה,0
השמאל חולה בראש גם כשמפרגנים לעם ישראל ולמדינת ישראל כואב לכם .וואו כמה אתם סובלים .,0
איזה מדהים אתה כל הכבוד,0
מכוער,0
יוצאות לו מילים פח מהפהאבל בתאכלס למה בכלל לשאול אותו עליה??? מה היא קשורה? את מי מעניינת???,1
שיתכונן לתביעה 🤣🤣🤣,0
מעניין מי משלם לו משכורת? אופירחרא ובברדקו?,0
אוכל חינם מאופס!,1
אנשאאלה שזה היה בחירות אחרונות שלו יאלה כבר שיעוף,0
ממורמר גואל נפש,1
למה הוא לא אצל הרופא? נראה שיש לו עצירות...,1
צודק!,0
היא לפחות משרתת אנשים שעשו ועושים המון למען המדינה ואתה מה אתה משרת את המטומטמים שבוחרים בך,0
" אביגדור ליברמן ""כולם משרתים"",רק אתה עבד נרצע של הפרקליטות.שמוחזק בגרון כמו מנדלבלוף!",0
צודק,0
סופו הפוליטי קרוב,0
ליברמן מחפש צומת לב אף אחד לא קונה את ההמצאות שלו הוא בלחץ לא יקבל יותר מ 4מנדטים בלחץ,0
עלוב נפש!,1
טפו יגוי מסריח חזיר,1
פודלמן אתה איש מסכן !,0
איש מסכן ומסוכן אנרכיסט שפל,0
ליברמן את גוש של גבנו ענק !!!,0
השתגע המומיה מרוב אכילת חזיר !!,1
מותר לו להגיד את מה שחושב,0
אתה דוברמן לא מאולף,1
כמה נמון יירד עוד הזבאלה הזה,1
על מה הוא מקבל משכורת ?,0
אם ראידמן תפרסם מה שהיא יודעת תהיה בבעיה,0
מרגל רוסי,1
"איש עלוב נפש, דוחה... ממש להתבייש בך !!!",1
שרמוט,1
יימח שמך ויאבד זכרך מזכרון ישראל ארור המן ארור ליברמן!!!,1
ממש דומה לחזיר🐷,1
רק הבחירות הצילו את התוכנית הרדודה הזאת 🤮🤮🤮,0
הפוליטיקאי הכי כושל שהיה בישראל!,0
איזה בן אדם מזעזע,0
"הדבר הכי מיותר במפה הפוליטית, מפת נייר חד פעמית",0
ליברמן אתה יכול רק לצחציח לביבי את הנעליים אתה אפס. אפסים שמולנים נהלכים שכמוכם,1
סמרטוט רצפה,1
הקנאה קשה,0
כך מדבר נבחר ציבור מגעיל,1
עלוב ומסכן...,1
בושה להתבטא כך!!!!!!!!!!,0
"עלובבבב, וכל פעם משום מה יש לו 8 מנדטים.. אז תפסיקו ( מי שמצביע לו) להצביע לו.. ואז אחרי שלא יקבל מספיק קולות הוא ינסה ללכת עם ביבי..",0
ארור המן ונאמר אמן,1
האמת??? לא שןוה להגיב!!!!!,0
פחדן עלוב עמלק,1
כך אמר הנציג של היטלר,1
הלו פאפי פודל היית פודל תשאר היום אתה אומר ככה עוד שעה אם הזנב בין הרגליים ליברפלוץ אפילו פוטין אמר שאתה פודל,1
מאיפה יש לו 8 מנדטים?,0
יש לו חרא בראש בגלל זה הוא עושה פרצופים .,1
ככה שר לא אמור להתבטא. בושה,0
תלך כפרות על כלל ישראל,0
אתה מגעיל,1
שם לחמוצים את האמת בפנים,0
כל המשפחה שלך גם חרדים אז גם הם צרכים ללכת למזבלה,1
חולה נפש.מי שמצביע לו טיפש,1
אדם אומלל ומסכן מעביר ביקורת על אחרים והגמל לא רואה את הגיבנת שלו במקרה שלו שור זועם דביל גמור כולה מרגל רוסי,1
דומה להמיולין מהמומינים ימח שימך,1
"אכל מהצלחת שלה""ליקק"" לה ולגרוש שלה את התחתועכשיו הוא מכלכך עליה""זבל"" בהגדרה רחבהיתאים לו בהחלטכמה עלוב ומעורר רחמיםהאישר רוצה להיות ראש ממשלה חחחחח",1
מפלגה של מכחישי קורונה ושונאי אנשים.בושה לערוץ 12 שמאפשרים לשני ליצנים להנחות תכנית כזו רדודה ונמוכה.,0
"ליברמן אתה פשוט הזוי, בושה שיש בפרלמנט אחד כמוך.",0
הוא דומה פה לחתול שמן ומנייק שעושה מאיו .,1
רק בגללו אנחנו בבחירות רביעיות,0
רק טמבלים מצביעים לדביל הזה טמבלים כמוהו,1
זוכרים אחרי הבחירות השניות לפיד רדף אחרי ליברמן לוינה שניהם יושבים בבית קפה אז או שליברמן הומו או שהוא עשה קופה😂,0
באו ‏להעליב ויצאו עלובים,1
הנייה 48 שעות,0
אופירה וברקו הצליחו לעשות את זה . חחחחח כמה שזה היה פשוט,0
אין עוד מהלך Game over!,0
כואב לך תמשיך להתמרמר,0
הבחור רק הולך ומסתבך מרוב עורכי דין שמועסקים במשפחת נתניהו.... הוא לא מגיש כתבי הגנה,0
צודק תאכלס!!,0
לא הבנתי מה לא נכון במה שיאיר כתב?,0
היא צריכה כסף לשלם למדינה כסף שלנו שהיא לקחה עכשיו למודה צריך להחזיר הכול אז מחפשים מקורות מימון 😂😂😂😂,0
חובבת פדופילים קצת בעייתי בכל השאר אין לה סיכוי,1
ילד של אבא משפחת נתניהו לקחו את כל המדינה כעסק פרטי של המשפחה,0
תביעות סרק לפני בחירות כמו של סתיו שפיר פוגעות בנשים שבאמת מוטרדות................,0
עצוב שאנשים מקבלים ואף מעודדים שיח כזה במדינה שלנו ואחכ לא מבינים למה יש פילוג ושנאה 😔,1
בעזרת התביעה היא תשלם את החוב למשלם המיסים,0
צודק בכל מילה שתחזיר את הכסף שחייבת קודם כל,0
פרזיט,1
מי הטריד/מטריד/יטריד אותה מינית מיייי ?,0
כל מילה בסלע. כל הכבוד יאיר,1
"הטרדה מינית? איפה בדיוק?בכל מקרה, מהמביכות בתולדות הכנסת. והתחרות קשה!",1
מצויין. כן ירבו לתבוע כל נפגעיו,0
סתיו שפיר מנוולת ורעה ותתבעי גם אותי זה מה שאני חושבת עלייך!!!!!,1
"הנחש הצעיר אומנם בוטה אבל לפחות הוא ישיר וישר יודעים מי הוא, לעומת אבא שלו הנחש הותיק הערמומי שמבלבל את המוח עם מילים יפות ואז תוקע סכין בגב של האזרחים.",1
אולי רוצה שיעזרו לה לכסות את החוב,0
היא לא שווה תגובה הלוזרית הסידרתית מלקקת ישבנים של האליטה האשכנזית,1
פרזיט. שחי. מכספי המדינה ללא בושה,1
כל מה שצייץ על החלודה הכעורה אמת לאמיתה..גנבה חובבת חברי פדופילים קשישים,1
כל מה שהוא רשם הכל נכון... ואיפה הטרדה מינית ???,0
אוקיי אם היא מקבלת משהו פיצוי על הציוץ הזה זאת הזיה. וגם תקדים למקרים אחרים. תתחילו לצלם מסכים של כל המקללים למיניהם,0
כבודו שכח שהיא לא חברת כנסת.,0
כי היא חייבת איכשהוא להשיג כסף לממן את חוב המליונים שיש לה למדינה..,0
הלוואי ותנצח את הפרזיט עם הפה הגדול. כלומניק עלוב,1
הילד הזה גאוןןן פשוט גאון ✋,0
הקופה בהוצאה לפועל רק גדלה.,0
מעולה,0
היא צריכה הכנסה מאיפשהו,0
אחלה יאיר,0
מי יטריד מינית מכוערת ומגעילה כזו 🤮🤮 יאיר צריך אותה ...?? חחחחח,1
נראה לך שיאיר יטריד עגלה כמוך .חחחחחחחח,1
חחחח חולת נפש זו ההבחנה שלי בכל אופן חחחחחח,1
הטרדה מינית ? מי ירצה לגעת בנזלת הזאת ?!,1
לא לקחתי שקל חחחח ילד חרא מי אתה חושב משלם את המגורים שלך וכל הטיסות מי האבא הקמצן שלך או האמא שאוספת בקבוקים,1
אתה לא לוקח מעניין איך אתה חיי לא עובד לא משלם מסים ואבטחה צמודה וזונות כמובן מאיפה הברז בא?,0
ילד קקי לך תעשה חמוצים,1
"מי ירצה לגעת בה??,",0
לאיזה רמה אתם יורדים בושה,0
איזה בדיחות חמודי ... לא לקח שקל!!,0
חייבת 8 מיליון שקל אז היא מנסה את מזלה להוציא מיאיר🤦‍♂️,0
הוא לא לקח ? אז הנהג שהסיע אותו למועדון חשפנות היה על חשבונו ? מעניין.... אם ככה אז הוא אחלה בן-אדם. חשבתי שהמדינה משלמת לו על הנהג והנה המציאות מראה אחרת... כל הכבוד יאיר... המשך ככה.,0
אלוף,0
היא יכולה לתבוע ללמפה.הוא צודק.,0
צודק בכל מילה.,0
יאיר נתניהו אפס שלא התבגר ,1
חחחחחחחחחחחחח אמא זהו אני מעולפת הטרדה מינית? חתיכת עקומה מי יטריד אותך מי ?!!!!@,0
אחלה יאיר❤,0
אין על יאיר אחלה גבר,0
"""אמת דיברתי""",0
הכי קרוב שלה לזה שגבר יהיה קשור אליה מינית😂😂,0
אבל איפה ההטרדה המינית פה? לפי התגובה שלו הוא לא סובל אותה 🤷‍♀️,0
הזבל הזה היה מגיע גם למשרד הביטחון אם לא הייתי שם,1
טמבל,1
נו תראי את הראש מרובע הזה אתה עובר לו כמו קיסם בשיניים,1
חחח פאתטי,1
שלא תצחק כמו יונית ,0
הבייצים רועדות איזה פחד,1
הזבוב הזמין את האריה לעימות,1
איימן לך תעשה מקלובה במסטר שף. ביבי פירק לך את המשותפת הכונס נכסים הגאון.,0
שיעוף מהארץ הוא לא מאוהבינו.,1
מי זה?,0
שיבוא לעשות עימות עם הקקי של אני עושה בבוקר,1
חחחחחחחחחחחחחחחחח פיפי עלייך יא טרוריסט,1
איימן יה כלב הבן כלב אני גם מזמין אותך לבוא לנגב לי תתחת מתי שאני מחרבן בשירותם,1
בעזרת ה תעלם מהמפה הפוליטית בוגד,1
"בסדר, ואני מזמין את ביידן ואת אובמה ביחד לעימות, נראה אותם פחדנים 🤣",0
איימן לך תעשה קפה עם שתיים סוכר שחור חזק שיהיה,0
נהיו בדיחה כול הליצנים האלה אוכלי חינם! עלק אימות,1
שתגיע לציפורן שלו תבקש עימות ימחבל עם דם על הידיים,1
תעשה עימות עם האנשים שבחרו בך קודם,0
כנראה מצבו רע בסקרים,0
מי אתה איימן עודה שראש הממשלה יפגש איתך בכלל בדיחה !!!!,0
ולמה נראה לך שהוא יסכים.אין לו דברים חשובים יותר לעשות?!,0
איימן לך תחבש מי יפעפס אותך(בכוונה רשמתי ככה),1
פתאום כל סמרטוט רצפה מזמין את נתניהו לעימות נו,1
מי אתה חלאת אדם הוא רומס אותך עם הנעל שלו,1
כל פישר רוצה עימות,1
המקסימום שלו זה כנאפה.. וגם זה בעירבון מוגבל.,0
לא שווה את הפיפי של ביבי. מי הוא בכלל? אבק,1
שמישהו יאגד כבר בספר את כל הבדיחות לקראת הבחירות😅,0
עימות אצלו זה עם סכין 😁,1
איימן אתה צריך להבין שאתה בדיחה של מסטיק בזוקה,1
אתה לא בליגה של הגדולים איימן,0
אין בעיה. תביא גם חומוס צ'יפס סלט...,0
"ביבי לאאאא אל תלך, לאאאא רק לא למגרש של הליצנים😂😂😂😂😂👑🇮🇱🇮🇱🇮🇱🇮🇱🇮🇱🇮🇱🇮🇱",0
איימן עודה סיר עאן דומאק הותלחסק אנעל אבו אבו אלגיבאק,1
חי בסרט❗❗עף על עצמו😂😂,1
עפה לי המסכה מהפנים 🤣🤣🤣🤣,0
"שישים שכפץ, חחח רק ממנו ביבי פוחד ממש",0
חחחח כל אחד רוצה עימות עם ביבי. אתם לא ראויים בכלל לחשוב על זה. ביבי צריך לנהל מדינה אין לו זמן לשחק עם גמדים. יאללה תתקדם,1
שהוא לא יעשה ממך כנאפה איימן,1
עימות בעברית באנגלית וגם ב..ערבית יעשה לך בושות ליצן.,0
יופי כול הכבוד יהיה עימות ומה אז? .....זה לא תחרות למי יש זין יותר גדול....אתם מתנהגים כמו ילדים בוא נריב בפריים טיים ככה אולי נקבל עוד קולות.....פשוט חבורה של ליצנים עם חליפות,1
פסיכופט,1
חחחחחחח ביבי יעשה ממך קציצות ימפגר,1
עכברוש קטן 🤣 תתחבא במחילה 🤫 אל תפריע לאריה לעבוד 🤦‍♀️,1
קטנת,0
"אחרי האימות,עודה ידביק לעצמו פתק של מח""ל על המצח,ויצעק יאללה ביבי",0
פחחחחחח,1
"איימן קח לך ""בילבל"" חריף ושב עליו",1
למה מי אתה בכלל שיעשו איתך ראש בראש ?,0
איימן עודה תפסיק להביך את עצמךךךך,0
עוד טמבל מחפש שישפילו אותו בקלאס מול כל הארץ 🤦‍♂️🤦‍♂️,1
‏עוד שקרן,1
זה כמו שאיינשטיין ידבר עם קיר,0
אם היה לאהבל הזה ראש אז איכשהו...רק חסר שערפאת ימח שמו יצא מהקבר וירצה ראש בראש...,1
"ביבי לא סופר אותך מחצי מטר ,ואתה רוצה עימות איתו ?דקה לא שווה לבזבז עליך יטמבל",1
לך קודם דבר עם ראש עירית נצרת.שיעמיד אותך במקום.נתניהו לא סופר אותך ואת הספונסרים שלך ברמאללה,1
אין גבול לטימטום של השמאל,1
חחחחח אתה בכלל לא כלי במשחק הזה אתה ממש בדיחה עלובה,1
בלי 2 מטר?,0
‏איזה ממלכתי הזבל הזה🥴,1
חזק 🤣,0
ברח לו הקוף,0
ברור שהיה מגיע,0
בני ילד רע,1
הממלכתיות נשפכת ממנו כמו ביוב,0
יצא הזבל מהשק המרצע ..אני חוזר בי,1
לך הביתה רק אחד כמוך לא יוצלח אפילו בצוק איתן לא הצלחת אין לך שכל להיות ראש ממשלה בגללך יש בחירות,0
והוא כמעא היה ראש ממשלה,0
"גנץץ היקר,אתה מיץ של הזבל!",1
גנץ זה לא חדש שאתה לא יודע לדבר אנחנו רגילים אבל להגיע לרמה כזו נמוכה זו ממש בושה,1
אם הגעת לדרגת זיהום כזאת..כנראה הפילטר סתום אצלך.,1
והליצן הזה כמעט היה ראש ממשלה 😂,1
מה עושה להם ביבי שהם מקללים ככה,0
"איזה גועל נפש של אדם מתיימר שהוא ""ממלכתי"" פשוט דוחה עם אמירות כאלה עוד מעט ישב בבית ויראה את הכנסת בסלון בבית‼",1
טיפש,1
"כל השמאל עם פליטות פה מטונף,העיקר שאמרו מה הם מרגישים ואחרכך מתנצלים,""מתורבתים""",1
"בע"" ה כל אלה שמדברים על זבל ישארו מחוץ לכנסת בושה וחרפה ,",1
"הבחירות החוזרות כנראה מאת ה' כי היה ברור שלא יכולת להיות ראש ממשלה עם שפה כזאת זולה סוף מעשה במחשבה תחילה לא ללכלך את הפה ואח""כ להתנצל בושה וחרפה",1
אתה זבל של בנאדם תלך כבר הביתה אתה בושה וחרפה לכנסת ולמדינת ישראל .גועל נפש,1
גנץ ירד מהפסים,0
לא סתם בבחירות הראשונות לא נתנו לו לדבר לבד..,0
תת רמה מה זה כל ההשתלחות מה קרה לך גנץ עד מתי תתעתה בנו.פעם אחת הולכת אותנו שולל,1
מסכן חולה נפש,1
כל כך מזכיר את הילד המגודל מי אלכס חולה אהבה!,1
יצא לו הגנץ... בחור חביב ונחמד בסה'כ. מישהו הכניס אותו למקום שלא מתאים לו. מסכן,0
חוץ מלשים רגליים לכל החלטה מה הוא עוד עשה ? קח חכה ולך תדוג בים המלח ..טמבל .,1
צודק אין מה להתנצל,0
"וואוו והאיש הזה היה רמטכ""ל :( רק מראה שהצבא מעצים כסילים והצבא הוא כר פורה לעיקרון הפיטרי :(",0
חחחחח טוב שהיית שם ויתר טוב אם תמשיך שם תהגן עלינו 👍🏼 יזבל🤗,1
תראו הוכחה שגנץ אמר את זה,0
"גנץ הוא ראש הממשלה התחליפי,, כשה מדובר בתחליפי ולא באורגנל הזבל צף...",1
בושה וחרפה 🤮,0
הנעל הזה לא מפסיק להקיא שטויות,1
הדביל השתבש לגמרי,0
שליברמן יפנה לו מקום במריצה..חלאת אדם,1
טמבל אין מילים 🤣🤣,1
מהלחץ יוצא לא כל המירמור והתיסכול,0
גנץ עלוב שבעלובים בושה שקיבלתה התיחסות מנתניהו.ישנו מנהיג אחד במדינה .רק נתניהו.,0
אתה זבל שבזבלים,1
חחחחחח טיפש,1
מפגר עם דרגות ...,1
גנץ לא צריך להתנצל זבל זו מחמאה,1
גנץ יה מטאטא כביש זבלה תקרא לאישתך המחבלת שמפריעה לחיילי צהל במחסומים יה אפס מגמגם מסכן,1
"זה היה רמטכ""להשני שמזהה תהליכים היה סגן רמטכ""לעכשיו ברור לכולםלמה הפצ""ר הוא האיש הכי חזק בצה""ל?",0
"שראש הממשלה אמר ""תחלואה"" האדמה רעדה, רק אומר",0
"למדו מילה ""זבל""בושה בושה",1
מטומטם גנץ היה לך גוש שיכול לעיף את המושחת הזה בין הסורגים אבל לא עשיתה עכשיו תלקק את 💩💩,1
"בני גנץ ,על מה אתה מתנצל ????נתניהו , הוא נוכל - רמאי עם דיפלומה !!!! באשר למה שעולל לך , הכינוי ""זבל "" עדיין בגדר מחמאה !!! .",1
מתנצל על הגסות....אבל טפו על בני גנץ !!!!,1
למי קראת זבל אתה אה למי,0
"יאללהגנץ,שחררנו..",0
"מרגע לרגע הגועל שבו נחשף, מזעזע",1
כבוד לביבי שהצליח לפרק אותך לגורמים .אין לך יותר מה לחפש בכנסת .,0
די גנץ אתה גמור אחי היקר לך לחופש אתה עמוס ממורמר,0
הזבל הזה עשה אותך רמטכל טמבל מגודל,1
אדון גנץארוך כמו שרוך וטיפש כמו נעל. איש חסר אישיות.,1
די לחלום חזור למציאות,0
חלאס גנץ אתה גמור טוטאלית לך לטייל,0
"איך איייך הטמבל הזה היה רמטכ""ל ?! ה' ישמור איזה אידיוט. 🤮",1
יש לי חדשות לגנץ. נתניהו היה במשרד הביטחון הרבה לפני שאתה היית שם.,0
פורסט גנץ שכח לקחת את הכדורים שלו הבוקר.,0
מה קורה לכם פולטיקאים ????? נעלם הכבוד העצמי ?????? כבוד לאדם??????? יום אחרי כולנו עם אחד !!!!!!!,0
איש משדר לחץ מבולבל חסר עמוד שידרה .רמאד גדול .,1
המימד החמישי,0
עוד מסכן,0
חמור לובש בגדים,1
"פרשת גנץ, בושה!",0
כולם הזהירו אותך מהזבל יאאה שודד הקולות🤣,1
"לא עושים עסקים עם נוכלים , ביבי נתניהו נוכל מספר 1",1
גם ראש ממשלה חליפי אתה לא תהיה כי אתה דבאעעעע,1
לך תעשה חמוצים חסר עמוד שדרה פחדן,1
"מסכן גנץ, למה הלך לפוליטיקה בכללל???היה נשאר רמטכל לשעבר יותר מכובד מאשר האיש שרצה להחליף את ביבי והתרסק!!!אביב כוכבי (הרמטכל ) היקר, לא להגיע לפוליטיקה !!!!",0
אחד יותר גרוע מהשני.,0
"לך, לך צא מהחיים שלנו גולם.",1
גנץ הוא הזבל!!! מקווה שבשבוע הבא הוא יעוף הביתה ונקים ממשלת ימין מלא מלא.....,1
תמשיכו להצביע לשקרן ביבי ראש הממשלה השמאלני בהיסטוריה,1
מורשת ביבי...,0
"מזלם שהם ""בני דודים"", אחרת מזמן הם היו מסולקים משם",1
נחשון יוגב מה שראינו?,0
"עוד קצת סבלנות, עוד 10 ימים תעלה לשלטון מפלגת הליכוד והיא בטח תפגין משילות וריבונות בניגוד למפלגה ששלטת כבר 13 שנה",0
מדהים איך ששודדים את אדמות המדינה ולאף אחד לא איכפת,0
רק בגץ אשם,0
כמה מרתיח. עם הגישה המתרפסת הזאת אי אפשר להחזיק שלטון חוק.,0
"ביבי ה""ימני""שלכם זנח את הארץ והעם.",0
שכפץ מביבי שהבטיח להם מיליארד שח באוהל שישב איתם לקפה! רק ביבי אשם שאין מישילות והבדואיים עושים מה שהם רוצים.. מורשת חאן אל אחמר בחסות ביבי הסמרטוט,1
מזה הבדואים הבדואים הבדואים ????????????????,1
קנאי קנאים תחיי תחיו ותסבול ותסבלו . לכל אדם מסית,0
תנועת בני זונות אין לכם מה לעשות בחיים חוץ מהבדואים,1
רק ביבי ! לשים פתק מחל ! רוצים חאן אל אחמר ז' ? הצביעו ביבי !,0
"המדיניות של ביבי היא לאפשר יצירת השתלטות טריאטוריאלית מבלי לכונן את זה בהסכמים וליידע את הציבור, וסמוטריץ עוד תומך בו...פשוט הזוי מה שקורה בפוליטיקה של הימין.",0
נתניהו. ימין. חזק.,0
למה הצבא לא משתמש במקום כשטח אש לחיל אוויר חוסך מקום ומנקה את הבעיה,0
רק חסר בריכה באמצע 🏖,0
מי ראש הממשלה תזכירו לי???,0
ימנאיק תנו לאנשים לחיות בשקט ירשעים האדמות של האל והוא נתן אותם בשביל כולנו והסוף של כול אחד זה הקבר ימגעילים,1
ממש מקומם.,0
ביבי מתחנף לערבים. במקום להתייחס לפשע ולגניבת אדמות ולאונס של הילדה - לא שןמעים ממנו מילה על כך ולהיפך...רץ להתחנף להם. בושה וחרפה. ושום גיבוי לשוטרים.בושה,1
בכל אופן כל הכבוד לכם,0
רגבים אין עוד פולשים וגנבי קרקעות כל עוד אתם נמצאים תתחילו בעצמכם מהמנכל עד לרכז כל הדג מסריח,1
"ביבי - ""ימין חזק""",0
רק ביבי הסמרטוט אשם,1
זה לא המדינה זה הפרקליטים השמלנים.יש לבדוק מי מאשר את התשובות בפרקליטות ולהגיש קובלנה משפטית נגד.,0
רגבים לא יעזור לכם יושבים לכם על הלב,0
Itsik Chiprout אתה מבין על מה אני מדבר,0
כנראה אתם יש לכם רק בעיה עם הבדואים אתה יכול לרשום משהו את בא לך בקיצור אנחנו לפניכם ונשארים אחריךכמה שהורסים כמה שבונים לא לא מפטרים על הנגב,0
בואו נקים חאן אל אחמאר יהודי,0
הבדואים בארץ הזאות לפני שההורים שלך יעלו לארץ,0
"נראה לי שבית המשפט פועל ממדינה בארופה, אחרת אין שום סיכוי שזה אמיתי..",0
ביבי אשם בכל כמו עיםהמיסתננים אין אמונה בנושא הזה ביביגם אים בן גביר יהיה בממשלה ביבי לא יתן לו לנגוע בהם כי הוא מפחד מהאיחוד האירופאי ובית המישפט בדנההך,0
ביבי שמאל עובד על כולם,0
"איף מה כואב לכם הכוס, בני מיעוט שגרים בפחונים במדבר, תנו להם לחיות בשקט",0
אחרי הבחירות הכל יסתדר,0
נתניהו טוב למוסלמים.,0
אי אפשר כבר עוד לשמוע על העליבות והרפיסות של ממשלת ישראל,0
"ככה לא ! בונים מדינה ,אבל הורסים את המעט שיש בושה למערכת המשפטית שאינה מבינה את מקומה !!!",0
אתם חולים פסיכיאטרים הסובלים מסכיזופרניה הההה,1
מדינת חלם בוגדנית שנדרשת לבעיטה הפכנית,0
מקומם ומסוכן מאוד,0
נמאס מבתי המשפט,0
רגבים מחזירים את הריבונות למדינה בעיקר על חשבון אוכלוסיות מוחלשות שאינן יהודיות... מי אמר תורת הגזע ולא קיבל?????,0
בואו נפלוש גם אנחנו,0
"שווה לפלוש , אבל בעיר תעשה פרגולה או מרפסת קטנה ירימו אותך על טיל .",0
אתם בולשים יזנות,1
הפקידים קובעים את סדר היום של המדינה,0
"זכותו של כל אזרח לחיות בכל חלקי כדור הארץ, הארץ לכולם.",0
פרשת השופטים - בושה,0
"זו עובדה שאין יותר חוקים במדינת ישראל, מדינתו בארצו מולדתו של העם היהודי, ורק של העם היהודי ושל אף עם אחר שהוא החי בארץ ישראל !!!!!!!",1
בֶּדוּאִי תג על רוש תנועה רגבים גזען,1
רק איתמר ישים סוף לחרא שהמערכת המשפטית הבזויה שיש כאן מסכימה ! אם אני פותח חלון חדש בבית ישר עירייה משטרה דוחות בית משפט קנס והריסה תוך חודש ! שם הכל מותר,1
תנועת רגבים פאשיסתים 🤮,1
לכל הגזענים תגידו תודה שיש לכם את הערבים להתעסק איתם.אחרת הייתם אוכלים אחד את השני וכנראה זה מה שיקרה בסוף,0
ואתם עוד רוצים לבחור בביבי .שמבלף אותנו 30 שנה,0
"מה אפשר לצפות מהמדינה , אם בראשה עומד דרעק מושחת עד העצמות . לבקש מארה""ב לקחת את הנבלה כמו שלקחו את נורייגה .",0
"למה , למה , למה אלוהים ברא את הבדואים וגם העניש אותנו ? בבקשה , קצת רחמנות .",1
"חולי נפש, מתעסקים עם האנשים העניים ביותר במדינה. צרות עין של אפסים",1
בני זנות,1
בני זנות רגבים,1
ביבי שמאל חלש,0
כמה אנחנו נאיביים. נשלם מחיר כבד.,0
"יופי....ואז נקבל קורונה תוצרת חוץ...ככה זה כשיש ""גאונים"" בממשלה",0
שישארו שם ולא יביאו לנו וראיינטים חדשים .,0
הרגתם את כת רק לא ביבי.,0
תצחקו תצחקו זה האמת,0
אבל האירופאים לא מחוסנים זה מסוכן שידביקו לא,0
והם מחוסנים?,0
ולהביא לנו מוטציות?,0
"אם לא אפשרי לעשות סלקציה בין מחוסנים ללא מחוסנים עם בדיקות קורונה מהירות גם לשדה התעופה, אז מה זה משנה ישראלי או תייר? לפחות הכלכלה תקבל הנשמה מיידית",0
Assaf Itziksonיש מצב שאתה מוציא פה תגובה פנינה?,0
Aviad Shmaia תסתכל טוב תראה אותך עם הציליה מאחורה,0
שלא יחזירו לנוו מוטציותתתתת בייייייי,0
בזכות ביבי הענק אתר וואלה לפרגן למלך ❤️❤️,0
זה מה שחסר לנו,0
"כסף כסף כסף על חשבון הבריאות והחיים של כולנו נתב""ג צריך להישאר סגור לטיסות תיירים",0
הבה לנו וריאנטים אירופאיים עוד ועוד,0
והם יביאו לנו את כל המוטציות,0
נו סהכ זה מאוד הגיוני להכניס לפה מיליוני תיירים מאומתים אחרת איך נמכור לעם הניסוי את חיסון 3-10?,0
"איזה יעד חם ואיזה נעליים? אנחנו באשליה שהכול נגמר. הרי יהיו עוד מוטציות ומכות אחרות שירדו עלינו בצורה סדרתית. האנושות הגיעה לשלב בהתפתחות שהיא לא יכולה להמשיך באותה הצורה שבה התפתחה והתקיימה עד היום. הגענו לשיא של ההתפתחות האגואיזם האנושי בכל תחום. מצצנו שאבנו והרסנו את הטבע ואחד את השני. אבל הטבע נשאר הטבע. זו מערכת שפועלת תחת חוק האיזון ומשתוקקת לאיזון באופן בלתי פוסק. והאיזון הזה דווקא תלוי באנושות, כי חוץ מהמין אנושי, כל יתר דרגות הטבע- הדומם, הצומח והחי, נמצאים באיזון, חיבור והשלמה. עכשיו תורנו להשיג איזון חיבור והשלמה ביחסים בינינו. חוק זה חוק. וחוק האיזון, החיבור וההשלמה זה בדיוק כמו חוק המשיכה. ברגע שמפרים את החוק הזה, מקבלים תגובה לא נעימה.",0
"חחחח מה לא יעשו לפני הבחירות...אחרי הבחירות ""מסתמן עליה מדאיגה בתחלואה עלינו לסגור שוב את כל המשק""",0
"כאילו שאנשים שפויים מחו""ל יסכימו לספוג פגיעה בזכויות אנוש כמו שהישראלים הטמבלים והמוכים מסכימים ועוד בשביל הכיף... חיים בסרט",0
תיירים כן !!! אזרחי ישראל לא מורשים לחזור. אין מילים.,0
תגובה ראשונית של כת רק לא ביבי : לא צריך את האירופאים האלה שישארו באירופה,1
מעולה עכשיו כשהתייצבנו זה הזמן ליבא עוד מוטציות מאירופה. כיף!,0
אלי אבידר לא מצליח לישון בגללכם,0
מעניין איפה ישן התייר האירופי הלא מחוסן כאשר כניסה למלונות בתו ירוק בלבד? או שהאפליה תקפה רק לישראלים?,0
פרסום מגמתי ושיקרי.כולם עושים בדיקות ורואים שישראל יקרה מכל יעד אחר ולכן התיירות לא בדיוק מרנינה... שקרים על שקרים,0
"יאללה בואו נביא עוד מוטציות חדשות ,חרבו דרבו",0
יעד חם למוטציות... הם יטיילו ואנחנו ניכנס לסגר!,0
ואז שוב איזה נגיף צפון קוראני ושוב סגר תשאירו אותם שמה תנו לחיות פה קצת בשקט,0
רק מקווה שלא יביאו עוד וואריאנטים,0
יעד חם עבור ווריאנטים חדשים🤦🏻‍♀️🤦🏻‍♀️🤦🏻‍♀️🤦🏻‍♀️היהירות המהירות 🤔😞,0
"איזה בולשיט. כתבת יח""צ לישראל שמצוטט בה ביבי כאילו הוא לא משקר בכל רגע שהוא פותח את הפה. זו לא באמת עיתונות. זה מה שנקרא ""תוכן שיווקי""",0
"ישראל תהפוך למדגרה מטורפת, ברומניה הודיעו על כניסה רק בבדיקה, בעוד שישראל מנדה את אזרחיה מאיפה שהתיירים כן יוכלו להסתובב יחד עם כל המחוסנים.... איפה נשמע הדבר??",0
אתן סוכריה ו אכח ב חזרה,0
ושוב נגיד תודה למנהיג בנימין נתניהו,0
יעד השקר,0
יביאו לפה מוטציות,0
האם התיירים מחוסנים?,0
ואז ישראל תהיה שוב פעם סגורה לאזרחים שלה,0
אמן שיהיה פרנסה בשפע לכל עם ישראל,0
מעניין אם באירופה יגידו שהגיע אליהם ווארייאנט ישראלי מתי שהוא,0
שלא יביאו לפה מוטציות🤨,0
לא צריך טובות שישאירו אותנו ככה טוב לנו שלא יכניסו אף אחד עד שהם גם ימגרו אצלם את הקורונה!!,0
תודה לביבי,0
"אבל שילמנו כפול על כל חיסון, איזה מו""מ גרוע של ראש הממשלה..",0
ואז ישראל כבר לא תהיה נקיה מקורונה,0
השאלה היא אם הם מחוסנים?,0
Dikla Landoy גל של תיירים מאירופה?אולי נגיד מגרמניה???,0
בטח תביאו עוד מוטציות,0
"הלו... וואלה אלוביץ', תיק 4000, הוא זה שישוב על ספסל הנאשמים יחד עם הנאשם מבלפור... נהדר... יבואו רבבות חולים...",0
הבעייה שהאירופאים לא מחוסנים ( עדיין..) איך יגיעו ?,0
בשביל מה??? לא מתחשבים באלו שמסיבות רפואיות אינם יכולים להתחסן או בילדים!,0
ועוד פעם להכניס קורונה לארץ על ידי תיירים שבאים,0
"אל תביאו לפה אף אחד בבקשה!תנו לנו להצליח לחזור לחיים שלנו בשקט, לפחות פה בישראל..",0
"מנכ""ל פייזר אמר את זה מאד ברור.ישראל היא המעבדה של העולם.ובמעבדה עושים ניסיות .ולכן זה עוד ניסוי .שמעניין מאד את פייזר",0
חחחחחח....הם צודקים הולך להיות כאן חם בקיץ הבא לא בטוח שהתיירים ירצו לבוא לכאן ...,0
״המוטציה האירופאית״ נשמע שם של כוסית יאלה אני מוכנה,0
ממש יופי .....טעות טקטית !להכניס עוד מוטציות 😏,0
"לא תודה אל תביאו זנים חדשים ,תנו לפתוח את המשק הישראלי קיץ אחד. שיתחילו לחסן ובדיקות שיקומו תשתיות לתיירות בישראל",0
בזכות ביבי .... לא יזיק קצת קרדיט. אם היה מישהו אחר לא נראה לי שהיו מגיעים החיסונים ... הכי הרבה היה מגיע החיסון האיראני,0
למה להכניס אותם ולהרוס לנו את הקיץ???? לא ברור!!!!!!!!,0
המדינה הכי יפה במזרח התיכון.וגם ההי מחוסנת. מוטציות??? לא מדאיגות מחוסנים!!!,0
משה ואקילהוט סגרו לך נופש בארץ ?,0
"מעולה, רק שיעשו להם בדיקות מהירות",0
לא מחוסנים לא יכולים להזמין חדר במלון או להכנס לאטרקציות אבל אירופאים ששם אין תו ירוק כן יכולים?,0
ואז שוב תעלה התחלואה..,0
"הם לא מחוסנים, אז איך בדיוק?! הרי הלא מחוסנים הישראלים לא יכולים אז למה האירופים כן?? גזענות ואפלייה פר אקסלנס!",0
"בטח הם יביאו לנו את הקורןנה והמטוציות לכאן , לא תודה.",0
בזכות ביבי,0
טימטום שלא נגמר!!כאילו בכוח לא רוצים לסיים עם החרא הזה!! 🤦🏻‍♀️,0
ביבי,0
והתייר האירופי מה איתו??? מחוסן?! החיסון הוא מדהים אבל עדיין לא בר הצלחה של 100% כמה טימטום וסיכון מיותר!,0
איך אבל יש הגבלות לאנשים שלא מתחסנים אבל לתיירים לא מחוסנים אין הגבלות???,0
וכל הכבוד לביבייי...למה שוואלה יגידו ...אנחנו נגיד!!,0
"ובגלל יוקר המחיה פה, הם לא יחזרו לפה בחיים. חופשה אחת בישראל שווה כמו 5 חופשות באירופה.",0
"איזה כיף, שיהיה לנו כאן מגוון עשיר של מוטציות",0
נו מה יהיה? עכשיו יביאו לפה את כל הוריאנטים? לא למדו עדיין?,0
בית העלמין בראשון לציון הולך להיות מוקד תיירות,0
זה הרעיון להביא מוטציה חדשה כדי לבדוק אם החיסון יעיל ישראל מעבדה של העולם,0
